use g7test1
/* country */ 
go
INSERT INTO Country (CountryID, CountryName, Timezone) VALUES
(1, 'Northern Mariana Islands', 'Africa/Djibouti'),
(2, 'Bouvet Island (Bouvetoya)', 'Europe/Riga'),
(3, 'Anguilla', 'Europe/Berlin'),
(4, 'Saint Vincent and the Grenadines', 'Europe/Luxembourg'),
(5, 'Falkland Islands (Malvinas)', 'Africa/Gaborone'),
(6, 'Ecuador', 'Europe/Minsk'),
(7, 'Czech Republic', 'Africa/Tripoli'),
(8, 'Burundi', 'Asia/Dhaka'),
(9, 'Saint Pierre and Miquelon', 'Africa/Mogadishu'),
(10, 'Bosnia and Herzegovina', 'Europe/Malta'),
(11, 'Philippines', 'Africa/Lome'),
(12, 'Saint Vincent and the Grenadines', 'Asia/Aden'),
(13, 'Uganda', 'Europe/Istanbul'),
(14, 'Mauritius', 'Africa/Casablanca'),
(15, 'Benin', 'Asia/Dhaka'),
(16, 'Namibia', 'Asia/Tokyo'),
(17, 'Jamaica', 'America/Guatemala'),
(18, 'Antigua and Barbuda', 'Indian/Mauritius'),
(19, 'Antarctica (the territory South of 60 deg S)', 'Asia/Manila'),
(20, 'Bermuda', 'Europe/Copenhagen'),
(21, 'Cuba', 'Pacific/Majuro'),
(22, 'Djibouti', 'America/El_Salvador'),
(23, 'Macedonia', 'Europe/Podgorica'),
(24, 'Netherlands Antilles', 'Asia/Samarkand'),
(25, 'Anguilla', 'Africa/Dakar'),
(26, 'Moldova', 'Europe/Copenhagen'),
(27, 'Congo', 'Indian/Mauritius'),
(28, 'Saint Barthelemy', 'Africa/Algiers'),
(29, 'Pakistan', 'Asia/Vientiane'),
(30, 'Reunion', 'Europe/Sofia'),
(31, 'Mauritius', 'Australia/Broken_Hill'),
(32, 'Italy', 'Africa/Maputo'),
(33, 'Cyprus', 'Africa/Bujumbura'),
(34, 'Kiribati', 'Africa/Tunis'),
(35, 'Myanmar', 'Africa/Accra'),
(36, 'Fiji', 'Asia/Kuching'),
(37, 'Sudan', 'Atlantic/Cape_Verde'),
(38, 'Trinidad and Tobago', 'America/Havana'),
(39, 'Albania', 'Europe/Zurich'),
(40, 'Senegal', 'Asia/Dubai');

/* company */
go 
INSERT INTO Company (CompanyID, CompanyName, Company_Location, CountryID) VALUES
(1, 'Ross, Robinson and Bright', 'South Todd', 39),
(2, 'Snyder, Campos and Callahan', 'Port Richard', 29),
(3, 'Burton Ltd', 'East Nicholasfurt', 15),
(4, 'Carlson-Cruz', 'Saramouth', 8),
(5, 'Ferrell, Rice and Maddox', 'Rodneyside', 21),
(6, 'Frazier Inc', 'Mooreport', 39),
(7, 'Dyer, Potter and Mack', 'North Beth', 19),
(8, 'Rodriguez-Graham', 'Lake Leeton', 23),
(9, 'Smith-Bowen', 'Shawhaven', 11),
(10, 'Baker, Mason and White', 'North Susan', 11),
(11, 'Harrell LLC', 'Port Jacobland', 24),
(12, 'Romero, Gonzalez and Brooks', 'South David', 36),
(13, 'Ryan PLC', 'New Brooke', 40),
(14, 'George Group', 'South Dianeshire', 24),
(15, 'Rodriguez LLC', 'Sarahborough', 3),
(16, 'Allen-Allen', 'Johnfurt', 22),
(17, 'Arroyo, Miller and Tucker', 'Lake Debbie', 2),
(18, 'Spence PLC', 'Stewartland', 24),
(19, 'Anderson Group', 'South Christineshire', 30),
(20, 'Martin, Rose and Obrien', 'North Amandahaven', 38),
(21, 'Hickman Ltd', 'Davidstad', 2),
(22, 'Harris, Collins and Carney', 'East Mikeburgh', 21),
(23, 'Brooks, Lam and Hayes', 'Bassport', 33),
(24, 'Walker LLC', 'Lake Lisaport', 12),
(25, 'Chapman and Sons', 'East Josephville', 22),
(26, 'Robinson, Jones and Welch', 'West Juan', 25),
(27, 'Jones Inc', 'Lake Matthew', 27),
(28, 'Jones-Young', 'Williamview', 28),
(29, 'Washington, Ryan and Cummings', 'North Cynthiaview', 16),
(30, 'Johnston, Sanchez and Kennedy', 'North Matthewberg', 15),
(31, 'Lee-Davis', 'Evanmouth', 3),
(32, 'Gomez-Jenkins', 'Hoffmanville', 37),
(33, 'Brown, Valdez and Lucas', 'Lake Rebeccaside', 7),
(34, 'Powell LLC', 'Port Mikeside', 21),
(35, 'Wright and Sons', 'South David', 9),
(36, 'West, Henderson and Ramirez', 'Michaelton', 39),
(37, 'Baxter Inc', 'Jasonbury', 18),
(38, 'Morton-Chase', 'West Kimberlychester', 4),
(39, 'Williams PLC', 'East Michelle', 25),
(40, 'Novak and Sons', 'South Angel', 14);

/* contracts */
go
INSERT INTO Contracts (ContractID, CountryID, CompanyID, Contract_Status) VALUES
(1, 39, 1, 'Rejected'),
(2, 29, 2, 'Accepted'),
(3, 15, 3, 'Accepted'),
(4, 8, 4, 'Accepted'),
(5, 21, 5, 'Accepted'),
(6, 39, 6, 'Accepted'),
(7, 19, 7, 'Accepted'),
(8, 23, 8, 'Accepted'),
(9, 11, 9, 'Rejected'),
(10, 11, 10, 'Accepted'),
(11, 24, 11, 'Accepted'),
(12, 36, 12, 'Accepted'),
(13, 40, 13, 'Accepted'),
(14, 24, 14, 'Accepted'),
(15, 3, 15, 'Accepted'),
(16, 22, 16, 'Rejected'),
(17, 2, 17, 'Accepted'),
(18, 24, 18, 'Rejected'),
(19, 30, 19, 'Rejected'),
(20, 38, 20, 'Accepted'),
(21, 2, 21, 'Rejected'),
(22, 21, 22, 'Accepted'),
(23, 33, 23, 'Accepted'),
(24, 12, 24, 'Accepted'),
(25, 22, 25, 'Accepted'),
(26, 25, 26, 'Accepted'),
(27, 27, 27, 'Accepted'),
(28, 28, 28, 'Rejected'),
(29, 16, 29, 'Accepted'),
(30, 15, 30, 'Accepted'),
(31, 3, 31, 'Accepted'),
(32, 37, 32, 'Accepted'),
(33, 7, 33, 'Rejected'),
(34, 21, 34, 'Accepted'),
(35, 9, 35, 'Rejected'),
(36, 39, 36, 'Accepted'),
(37, 18, 37, 'Accepted'),
(38, 4, 38, 'Accepted'),
(39, 25, 39, 'Rejected'),
(40, 14, 40, 'Accepted');

/* Employee */
go
INSERT INTO Employee (EmployeeID, EmployeeName, Position, CompanyID) VALUES
(1, 'Evelyn Galvan', 'Service', 1),
(2, 'Sharon Cochran', 'Service', 1),
(3, 'Richard Rodriguez', 'Technical', 1),
(4, 'Shannon Walker', 'Technical', 1),
(5, 'Julia Torres', 'Service', 1),
(6, 'Diana May', 'Technical', 2),
(7, 'William Herrera', 'Service', 2),
(8, 'Ashley Waller', 'Service', 2),
(9, 'Victor Baker', 'Technical', 2),
(10, 'Jeffrey Chandler', 'Technical', 2),
(11, 'Evelyn Galvan', 'Service', 1),
(12, 'Sharon Cochran', 'Service', 1),
(13, 'Richard Rodriguez', 'Technical', 1),
(14, 'Shannon Walker', 'Technical', 1),
(15, 'Julia Torres', 'Service', 1),
(16, 'Diana May', 'Technical', 2),
(17, 'William Herrera', 'Service', 2),
(18, 'Ashley Waller', 'Service', 2),
(19, 'Victor Baker', 'Technical', 2),
(20, 'Jeffrey Chandler', 'Technical', 2),
(21, 'Evelyn Galvan', 'Service', 1),
(22, 'Sharon Cochran', 'Service', 1),
(23, 'Richard Rodriguez', 'Technical', 1),
(24, 'Shannon Walker', 'Technical', 1),
(25, 'Julia Torres', 'Service', 1),
(26, 'Diana May', 'Technical', 2),
(27, 'William Herrera', 'Service', 2),
(28, 'Ashley Waller', 'Service', 2),
(29, 'Victor Baker', 'Technical', 2),
(30, 'Jeffrey Chandler', 'Technical', 2),
(31, 'Evelyn Galvan', 'Service', 1),
(32, 'Sharon Cochran', 'Service', 1),
(33, 'Richard Rodriguez', 'Technical', 1),
(34, 'Shannon Walker', 'Technical', 1),
(35, 'Julia Torres', 'Service', 1),
(36, 'Diana May', 'Technical', 2),
(37, 'William Herrera', 'Service', 2),
(38, 'Ashley Waller', 'Service', 2),
(39, 'Victor Baker', 'Technical', 2),
(40, 'Jeffrey Chandler', 'Technical', 2),
(41, 'Evelyn Galvan', 'Service', 1),
(42, 'Sharon Cochran', 'Service', 1),
(43, 'Richard Rodriguez', 'Technical', 1),
(44, 'Shannon Walker', 'Technical', 1),
(45, 'Julia Torres', 'Service', 1),
(46, 'Diana May', 'Technical', 2),
(47, 'William Herrera', 'Service', 2),
(48, 'Ashley Waller', 'Service', 2),
(49, 'Victor Baker', 'Technical', 2),
(50, 'Jeffrey Chandler', 'Technical', 2),
(51, 'Evelyn Galvan', 'Service', 1),
(52, 'Sharon Cochran', 'Service', 1),
(53, 'Richard Rodriguez', 'Technical', 1),
(54, 'Shannon Walker', 'Technical', 1),
(55, 'Julia Torres', 'Service', 1),
(56, 'Diana May', 'Technical', 2),
(57, 'William Herrera', 'Service', 2),
(58, 'Ashley Waller', 'Service', 2),
(59, 'Victor Baker', 'Technical', 2),
(60, 'Jeffrey Chandler', 'Technical', 2),
(61, 'Evelyn Galvan', 'Service', 1),
(62, 'Sharon Cochran', 'Service', 1),
(63, 'Richard Rodriguez', 'Technical', 1),
(64, 'Shannon Walker', 'Technical', 1),
(65, 'Julia Torres', 'Service', 1),
(66, 'Diana May', 'Technical', 2),
(67, 'William Herrera', 'Service', 2),
(68, 'Ashley Waller', 'Service', 2),
(69, 'Victor Baker', 'Technical', 2),
(70, 'Jeffrey Chandler', 'Technical', 2),
(71, 'Evelyn Galvan', 'Service', 1),
(72, 'Sharon Cochran', 'Service', 1),
(73, 'Richard Rodriguez', 'Technical', 1),
(74, 'Shannon Walker', 'Technical', 1),
(75, 'Julia Torres', 'Service', 1),
(76, 'Diana May', 'Technical', 2),
(77, 'William Herrera', 'Service', 2),
(78, 'Ashley Waller', 'Service', 2),
(79, 'Victor Baker', 'Technical', 2),
(80, 'Jeffrey Chandler', 'Technical', 2),
(81, 'Evelyn Galvan', 'Service', 1),
(82, 'Sharon Cochran', 'Service', 1),
(83, 'Richard Rodriguez', 'Technical', 1),
(84, 'Shannon Walker', 'Technical', 1),
(85, 'Julia Torres', 'Service', 1),
(86, 'Diana May', 'Technical', 2),
(87, 'William Herrera', 'Service', 2),
(88, 'Ashley Waller', 'Service', 2),
(89, 'Victor Baker', 'Technical', 2),
(90, 'Jeffrey Chandler', 'Technical', 2),
(91, 'Evelyn Galvan', 'Service', 1),
(92, 'Sharon Cochran', 'Service', 1),
(93, 'Richard Rodriguez', 'Technical', 1),
(94, 'Shannon Walker', 'Technical', 1),
(95, 'Julia Torres', 'Service', 1),
(96, 'Diana May', 'Technical', 2),
(97, 'William Herrera', 'Service', 2),
(98, 'Ashley Waller', 'Service', 2),
(99, 'Victor Baker', 'Technical', 2),
(100, 'Jeffrey Chandler', 'Technical', 2),
(101, 'Evelyn Galvan', 'Service', 1),
(102, 'Sharon Cochran', 'Service', 1),
(103, 'Richard Rodriguez', 'Technical', 1),
(104, 'Shannon Walker', 'Technical', 1),
(105, 'Julia Torres', 'Service', 1),
(106, 'Diana May', 'Technical', 2),
(107, 'William Herrera', 'Service', 2),
(108, 'Ashley Waller', 'Service', 2),
(109, 'Victor Baker', 'Technical', 2),
(110, 'Jeffrey Chandler', 'Technical', 2),
(111, 'Evelyn Galvan', 'Service', 1),
(112, 'Sharon Cochran', 'Service', 1),
(113, 'Richard Rodriguez', 'Technical', 1),
(114, 'Shannon Walker', 'Technical', 1),
(115, 'Julia Torres', 'Service', 1),
(116, 'Diana May', 'Technical', 2),
(117, 'William Herrera', 'Service', 2),
(118, 'Ashley Waller', 'Service', 2),
(119, 'Victor Baker', 'Technical', 2),
(120, 'Jeffrey Chandler', 'Technical', 2),
(121, 'Evelyn Galvan', 'Service', 1),
(122, 'Sharon Cochran', 'Service', 1),
(123, 'Richard Rodriguez', 'Technical', 1),
(124, 'Shannon Walker', 'Technical', 1),
(125, 'Julia Torres', 'Service', 1),
(126, 'Diana May', 'Technical', 2),
(127, 'William Herrera', 'Service', 2),
(128, 'Ashley Waller', 'Service', 2),
(129, 'Victor Baker', 'Technical', 2),
(130, 'Jeffrey Chandler', 'Technical', 2),
(131, 'Evelyn Galvan', 'Service', 1),
(132, 'Sharon Cochran', 'Service', 1),
(133, 'Richard Rodriguez', 'Technical', 1),
(134, 'Shannon Walker', 'Technical', 1),
(135, 'Julia Torres', 'Service', 1),
(136, 'Diana May', 'Technical', 2),
(137, 'William Herrera', 'Service', 2),
(138, 'Ashley Waller', 'Service', 2),
(139, 'Victor Baker', 'Technical', 2),
(140, 'Jeffrey Chandler', 'Technical', 2),
(141, 'Evelyn Galvan', 'Service', 1),
(142, 'Sharon Cochran', 'Service', 1),
(143, 'Richard Rodriguez', 'Technical', 1),
(144, 'Shannon Walker', 'Technical', 1),
(145, 'Julia Torres', 'Service', 1),
(146, 'Diana May', 'Technical', 2),
(147, 'William Herrera', 'Service', 2),
(148, 'Ashley Waller', 'Service', 2),
(149, 'Victor Baker', 'Technical', 2),
(150, 'Jeffrey Chandler', 'Technical', 2),
(151, 'Evelyn Galvan', 'Service', 1),
(152, 'Sharon Cochran', 'Service', 1),
(153, 'Richard Rodriguez', 'Technical', 1),
(154, 'Shannon Walker', 'Technical', 1),
(155, 'Julia Torres', 'Service', 1),
(156, 'Diana May', 'Technical', 2),
(157, 'William Herrera', 'Service', 2),
(158, 'Ashley Waller', 'Service', 2),
(159, 'Victor Baker', 'Technical', 2),
(160, 'Jeffrey Chandler', 'Technical', 2),
(161, 'Evelyn Galvan', 'Service', 1),
(162, 'Sharon Cochran', 'Service', 1),
(163, 'Richard Rodriguez', 'Technical', 1),
(164, 'Shannon Walker', 'Technical', 1),
(165, 'Julia Torres', 'Service', 1),
(166, 'Diana May', 'Technical', 2),
(167, 'William Herrera', 'Service', 2),
(168, 'Ashley Waller', 'Service', 2),
(169, 'Victor Baker', 'Technical', 2),
(170, 'Jeffrey Chandler', 'Technical', 2),
(171, 'Evelyn Galvan', 'Service', 1),
(172, 'Sharon Cochran', 'Service', 1),
(173, 'Richard Rodriguez', 'Technical', 1),
(174, 'Shannon Walker', 'Technical', 1),
(175, 'Julia Torres', 'Service', 1),
(176, 'Diana May', 'Technical', 2),
(177, 'William Herrera', 'Service', 2),
(178, 'Ashley Waller', 'Service', 2),
(179, 'Victor Baker', 'Technical', 2),
(180, 'Jeffrey Chandler', 'Technical', 2),
(181, 'Evelyn Galvan', 'Service', 1),
(182, 'Sharon Cochran', 'Service', 1),
(183, 'Richard Rodriguez', 'Technical', 1),
(184, 'Shannon Walker', 'Technical', 1),
(185, 'Julia Torres', 'Service', 1),
(186, 'Diana May', 'Technical', 2),
(187, 'William Herrera', 'Service', 2),
(188, 'Ashley Waller', 'Service', 2),
(189, 'Victor Baker', 'Technical', 2),
(190, 'Jeffrey Chandler', 'Technical', 2),
(191, 'Evelyn Galvan', 'Service', 1),
(192, 'Sharon Cochran', 'Service', 1),
(193, 'Richard Rodriguez', 'Technical', 1),
(194, 'Shannon Walker', 'Technical', 1),
(195, 'Julia Torres', 'Service', 1),
(196, 'Diana May', 'Technical', 2),
(197, 'William Herrera', 'Service', 2),
(198, 'Ashley Waller', 'Service', 2),
(199, 'Victor Baker', 'Technical', 2),
(200, 'Jeffrey Chandler', 'Technical', 2),
(201, 'Evelyn Galvan', 'Service', 1),
(202, 'Sharon Cochran', 'Service', 1),
(203, 'Richard Rodriguez', 'Technical', 1),
(204, 'Shannon Walker', 'Technical', 1),
(205, 'Julia Torres', 'Service', 1),
(206, 'Diana May', 'Technical', 2),
(207, 'William Herrera', 'Service', 2),
(208, 'Ashley Waller', 'Service', 2),
(209, 'Victor Baker', 'Technical', 2),
(210, 'Jeffrey Chandler', 'Technical', 2),
(211, 'Evelyn Galvan', 'Service', 1),
(212, 'Sharon Cochran', 'Service', 1),
(213, 'Richard Rodriguez', 'Technical', 1),
(214, 'Shannon Walker', 'Technical', 1),
(215, 'Julia Torres', 'Service', 1),
(216, 'Diana May', 'Technical', 2),
(217, 'William Herrera', 'Service', 2),
(218, 'Ashley Waller', 'Service', 2),
(219, 'Victor Baker', 'Technical', 2),
(220, 'Jeffrey Chandler', 'Technical', 2),
(221, 'Evelyn Galvan', 'Service', 1),
(222, 'Sharon Cochran', 'Service', 1),
(223, 'Richard Rodriguez', 'Technical', 1),
(224, 'Shannon Walker', 'Technical', 1),
(225, 'Julia Torres', 'Service', 1),
(226, 'Diana May', 'Technical', 2),
(227, 'William Herrera', 'Service', 2),
(228, 'Ashley Waller', 'Service', 2),
(229, 'Victor Baker', 'Technical', 2),
(230, 'Jeffrey Chandler', 'Technical', 2),
(231, 'Evelyn Galvan', 'Service', 1),
(232, 'Sharon Cochran', 'Service', 1),
(233, 'Richard Rodriguez', 'Technical', 1),
(234, 'Shannon Walker', 'Technical', 1),
(235, 'Julia Torres', 'Service', 1),
(236, 'Diana May', 'Technical', 2),
(237, 'William Herrera', 'Service', 2),
(238, 'Ashley Waller', 'Service', 2),
(239, 'Victor Baker', 'Technical', 2),
(240, 'Jeffrey Chandler', 'Technical', 2),
(241, 'Evelyn Galvan', 'Service', 1),
(242, 'Sharon Cochran', 'Service', 1),
(243, 'Richard Rodriguez', 'Technical', 1),
(244, 'Shannon Walker', 'Technical', 1),
(245, 'Julia Torres', 'Service', 1),
(246, 'Diana May', 'Technical', 2),
(247, 'William Herrera', 'Service', 2),
(248, 'Ashley Waller', 'Service', 2),
(249, 'Victor Baker', 'Technical', 2),
(250, 'Jeffrey Chandler', 'Technical', 2),
(251, 'Evelyn Galvan', 'Service', 1),
(252, 'Sharon Cochran', 'Service', 1),
(253, 'Richard Rodriguez', 'Technical', 1),
(254, 'Shannon Walker', 'Technical', 1),
(255, 'Julia Torres', 'Service', 1),
(256, 'Diana May', 'Technical', 2),
(257, 'William Herrera', 'Service', 2),
(258, 'Ashley Waller', 'Service', 2),
(259, 'Victor Baker', 'Technical', 2),
(260, 'Jeffrey Chandler', 'Technical', 2),
(261, 'Evelyn Galvan', 'Service', 1),
(262, 'Sharon Cochran', 'Service', 1),
(263, 'Richard Rodriguez', 'Technical', 1),
(264, 'Shannon Walker', 'Technical', 1),
(265, 'Julia Torres', 'Service', 1),
(266, 'Diana May', 'Technical', 2),
(267, 'William Herrera', 'Service', 2),
(268, 'Ashley Waller', 'Service', 2),
(269, 'Victor Baker', 'Technical', 2),
(270, 'Jeffrey Chandler', 'Technical', 2),
(271, 'Evelyn Galvan', 'Service', 1),
(272, 'Sharon Cochran', 'Service', 1),
(273, 'Richard Rodriguez', 'Technical', 1),
(274, 'Shannon Walker', 'Technical', 1),
(275, 'Julia Torres', 'Service', 1),
(276, 'Diana May', 'Technical', 2),
(277, 'William Herrera', 'Service', 2),
(278, 'Ashley Waller', 'Service', 2),
(279, 'Victor Baker', 'Technical', 2),
(280, 'Jeffrey Chandler', 'Technical', 2),
(281, 'Evelyn Galvan', 'Service', 1),
(282, 'Sharon Cochran', 'Service', 1),
(283, 'Richard Rodriguez', 'Technical', 1),
(284, 'Shannon Walker', 'Technical', 1),
(285, 'Julia Torres', 'Service', 1),
(286, 'Diana May', 'Technical', 2),
(287, 'William Herrera', 'Service', 2),
(288, 'Ashley Waller', 'Service', 2),
(289, 'Victor Baker', 'Technical', 2),
(290, 'Jeffrey Chandler', 'Technical', 2),
(291, 'Evelyn Galvan', 'Service', 1),
(292, 'Sharon Cochran', 'Service', 1),
(293, 'Richard Rodriguez', 'Technical', 1),
(294, 'Shannon Walker', 'Technical', 1),
(295, 'Julia Torres', 'Service', 1),
(296, 'Diana May', 'Technical', 2),
(297, 'William Herrera', 'Service', 2),
(298, 'Ashley Waller', 'Service', 2),
(299, 'Victor Baker', 'Technical', 2),
(300, 'Jeffrey Chandler', 'Technical', 2),
(301, 'Evelyn Galvan', 'Service', 1),
(302, 'Sharon Cochran', 'Service', 1),
(303, 'Richard Rodriguez', 'Technical', 1),
(304, 'Shannon Walker', 'Technical', 1),
(305, 'Julia Torres', 'Service', 1),
(306, 'Diana May', 'Technical', 2),
(307, 'William Herrera', 'Service', 2),
(308, 'Ashley Waller', 'Service', 2),
(309, 'Victor Baker', 'Technical', 2),
(310, 'Jeffrey Chandler', 'Technical', 2),
(311, 'Evelyn Galvan', 'Service', 1),
(312, 'Sharon Cochran', 'Service', 1),
(313, 'Richard Rodriguez', 'Technical', 1),
(314, 'Shannon Walker', 'Technical', 1),
(315, 'Julia Torres', 'Service', 1),
(316, 'Diana May', 'Technical', 2),
(317, 'William Herrera', 'Service', 2),
(318, 'Ashley Waller', 'Service', 2),
(319, 'Victor Baker', 'Technical', 2),
(320, 'Jeffrey Chandler', 'Technical', 2),
(321, 'Evelyn Galvan', 'Service', 1),
(322, 'Sharon Cochran', 'Service', 1),
(323, 'Richard Rodriguez', 'Technical', 1),
(324, 'Shannon Walker', 'Technical', 1),
(325, 'Julia Torres', 'Service', 1),
(326, 'Diana May', 'Technical', 2),
(327, 'William Herrera', 'Service', 2),
(328, 'Ashley Waller', 'Service', 2),
(329, 'Victor Baker', 'Technical', 2),
(330, 'Jeffrey Chandler', 'Technical', 2),
(331, 'Evelyn Galvan', 'Service', 1),
(332, 'Sharon Cochran', 'Service', 1),
(333, 'Richard Rodriguez', 'Technical', 1),
(334, 'Shannon Walker', 'Technical', 1),
(335, 'Julia Torres', 'Service', 1),
(336, 'Diana May', 'Technical', 2),
(337, 'William Herrera', 'Service', 2),
(338, 'Ashley Waller', 'Service', 2),
(339, 'Victor Baker', 'Technical', 2),
(340, 'Jeffrey Chandler', 'Technical', 2),
(341, 'Evelyn Galvan', 'Service', 1),
(342, 'Sharon Cochran', 'Service', 1),
(343, 'Richard Rodriguez', 'Technical', 1),
(344, 'Shannon Walker', 'Technical', 1),
(345, 'Julia Torres', 'Service', 1),
(346, 'Diana May', 'Technical', 2),
(347, 'William Herrera', 'Service', 2),
(348, 'Ashley Waller', 'Service', 2),
(349, 'Victor Baker', 'Technical', 2),
(350, 'Jeffrey Chandler', 'Technical', 2),
(351, 'Evelyn Galvan', 'Service', 1),
(352, 'Sharon Cochran', 'Service', 1),
(353, 'Richard Rodriguez', 'Technical', 1),
(354, 'Shannon Walker', 'Technical', 1),
(355, 'Julia Torres', 'Service', 1),
(356, 'Diana May', 'Technical', 2),
(357, 'William Herrera', 'Service', 2),
(358, 'Ashley Waller', 'Service', 2),
(359, 'Victor Baker', 'Technical', 2),
(360, 'Jeffrey Chandler', 'Technical', 2),
(361, 'Evelyn Galvan', 'Service', 1),
(362, 'Sharon Cochran', 'Service', 1),
(363, 'Richard Rodriguez', 'Technical', 1),
(364, 'Shannon Walker', 'Technical', 1),
(365, 'Julia Torres', 'Service', 1),
(366, 'Diana May', 'Technical', 2),
(367, 'William Herrera', 'Service', 2),
(368, 'Ashley Waller', 'Service', 2),
(369, 'Victor Baker', 'Technical', 2),
(370, 'Jeffrey Chandler', 'Technical', 2),
(371, 'Evelyn Galvan', 'Service', 1),
(372, 'Sharon Cochran', 'Service', 1),
(373, 'Richard Rodriguez', 'Technical', 1),
(374, 'Shannon Walker', 'Technical', 1),
(375, 'Julia Torres', 'Service', 1),
(376, 'Diana May', 'Technical', 2),
(377, 'William Herrera', 'Service', 2),
(378, 'Ashley Waller', 'Service', 2),
(379, 'Victor Baker', 'Technical', 2),
(380, 'Jeffrey Chandler', 'Technical', 2),
(381, 'Evelyn Galvan', 'Service', 1),
(382, 'Sharon Cochran', 'Service', 1),
(383, 'Richard Rodriguez', 'Technical', 1),
(384, 'Shannon Walker', 'Technical', 1),
(385, 'Julia Torres', 'Service', 1),
(386, 'Diana May', 'Technical', 2),
(387, 'William Herrera', 'Service', 2),
(388, 'Ashley Waller', 'Service', 2),
(389, 'Victor Baker', 'Technical', 2),
(390, 'Jeffrey Chandler', 'Technical', 2),
(391, 'Evelyn Galvan', 'Service', 1),
(392, 'Sharon Cochran', 'Service', 1),
(393, 'Richard Rodriguez', 'Technical', 1),
(394, 'Shannon Walker', 'Technical', 1),
(395, 'Julia Torres', 'Service', 1),
(396, 'Diana May', 'Technical', 2),
(397, 'William Herrera', 'Service', 2),
(398, 'Ashley Waller', 'Service', 2),
(399, 'Victor Baker', 'Technical', 2),
(400, 'Jeffrey Chandler', 'Technical', 2),
(401, 'Evelyn Galvan', 'Service', 1),
(402, 'Sharon Cochran', 'Service', 1),
(403, 'Richard Rodriguez', 'Technical', 1),
(404, 'Shannon Walker', 'Technical', 1),
(405, 'Julia Torres', 'Service', 1),
(406, 'Diana May', 'Technical', 2),
(407, 'William Herrera', 'Service', 2),
(408, 'Ashley Waller', 'Service', 2),
(409, 'Victor Baker', 'Technical', 2);

/*  Operator */
go
INSERT INTO Operator (OperatorID, OperatorName, EmployeeID) VALUES
(1, 'Crystal Johnson', 5),
(2, 'Garrett Lin', 4),
(3, 'Larry Dixon', 7),
(4, 'Kenneth Scott', 9),
(5, 'April Frost', 8),
(6, 'Michelle Harmon', 10),
(7, 'Helen Jones', 6),
(8, 'Mary Marshall', 15),
(9, 'Daniel Kennedy', 13),
(10, 'Rebecca Jackson', 11),
(11, 'Jose Schultz', 14),
(12, 'Stephanie Manning', 24),
(13, 'David Wright', 22),
(14, 'Jeffrey Johnson', 41),
(15, 'Michael Powell', 36),
(16, 'John Anderson', 31),
(17, 'Nicole Herring', 49),
(18, 'Alex Hernandez', 48),
(19, 'Michael Elliott', 46),
(20, 'Michael Wang', 44),
(21, 'Lawrence Adkins', 45),
(22, 'Jonathan Peterson', 55),
(23, 'Samantha Garcia', 54),
(24, 'Madison Poole', 51),
(25, 'John Bishop', 61),
(26, 'Allen Rosales', 62),
(27, 'Daniel Salinas', 60),
(28, 'Spencer Haynes', 59),
(29, 'Adam Vaughan', 58),
(30, 'Julie Alexander', 76),
(31, 'Anthony Everett', 73),
(32, 'Rodney Morales', 71),
(33, 'Mark Brown', 72),
(34, 'Kirk Carter', 82),
(35, 'Michael Warner', 79),
(36, 'Michael Bradshaw', 78),
(37, 'Lori Guerrero', 84),
(38, 'Shannon Rivera', 97),
(39, 'Donna Landry', 90),
(40, 'Krista Gibson', 92),
(41, 'Timothy Romero', 104),
(42, 'Diane Evans', 110),
(43, 'Yvonne Burns', 107),
(44, 'Shelly Alexander', 120),
(45, 'Joyce Bowen', 118),
(46, 'Matthew Moore', 121),
(47, 'Wayne Morgan', 122),
(48, 'Marie Christian', 115),
(49, 'Margaret Coleman', 123),
(50, 'Ryan Gonzalez', 133),
(51, 'Kiara Mcintyre', 142),
(52, 'Dawn Summers', 144),
(53, 'Dr. Paul Morgan', 146),
(54, 'Victor Taylor', 145),
(55, 'Shannon Ramsey', 140),
(56, 'Charles Shah', 151),
(57, 'Johnathan Davis', 155),
(58, 'Brandy Chavez', 158),
(59, 'Colton Martinez', 163),
(60, 'Jordan Bates', 159),
(61, 'Kayla Rodriguez', 166),
(62, 'Theresa Williams', 173),
(63, 'Parker Cain', 187),
(64, 'Laurie Hoffman', 185),
(65, 'Debra White', 194),
(66, 'Ellen Morgan', 195),
(67, 'Sergio Knight', 198),
(68, 'Charles Schultz', 199),
(69, 'Aimee Turner', 208),
(70, 'Chad Scott', 206),
(71, 'Adam Burgess', 204),
(72, 'James Padilla', 200),
(73, 'Sandra Drake', 205),
(74, 'Dana Chapman', 210),
(75, 'Jennifer Collins', 209),
(76, 'Gary Jackson', 211),
(77, 'Ashley Hicks', 214),
(78, 'Hannah Luna', 213),
(79, 'Angela Lin', 221),
(80, 'Lisa Hunter', 215),
(81, 'Julian Conner', 217),
(82, 'Mary Escobar', 232),
(83, 'Felicia Aguilar', 230),
(84, 'Gregory Ponce', 229),
(85, 'Ashley Wise', 235),
(86, 'Sophia Johnson', 242),
(87, 'Ralph Anderson', 237),
(88, 'Christopher Guerra', 236),
(89, 'Alexander Brown', 248),
(90, 'Cynthia Vang', 249),
(91, 'Alfred Galvan', 244),
(92, 'Veronica King', 263),
(93, 'Richard Cooper', 265),
(94, 'Lori Ingram', 257),
(95, 'Evelyn Williams', 261),
(96, 'Steve Paul', 273),
(97, 'Jasmine Beltran', 276),
(98, 'Jonathan Glass MD', 279),
(99, 'Brian Fitzgerald', 288),
(100, 'Mr. Justin Green III', 287),
(101, 'Zachary Mitchell', 284),
(102, 'Katherine Martinez', 283),
(103, 'Jodi Roach', 291),
(104, 'Curtis Taylor', 296),
(105, 'Allison Spencer', 297),
(106, 'Robert Arnold', 300),
(107, 'Angelica Parker', 299),
(108, 'Dr. Kelly Hammond DVM', 298),
(109, 'Kristy Bryan', 308),
(110, 'Angel May', 305),
(111, 'Marilyn Wang', 304),
(112, 'Mark Jimenez', 311),
(113, 'Donna Frye', 312),
(114, 'Jessica Khan', 319),
(115, 'Pamela Diaz', 325),
(116, 'Kelly Lee', 322),
(117, 'Angel Gordon', 324),
(118, 'Diana Hays', 313),
(119, 'Lauren Jackson', 338),
(120, 'Lisa Randall', 341),
(121, 'Michael Johnson', 334),
(122, 'Ashley Smith', 330),
(123, 'Denise Martinez', 347),
(124, 'Jamie Baird', 353),
(125, 'Tina Ballard', 348),
(126, 'Dwayne Klein', 346),
(127, 'Jeremy Scott', 351),
(128, 'Susan Davis', 357),
(129, 'Kimberly Sharp', 362),
(130, 'Mrs. Virginia Daniels', 365),
(131, 'Todd Rosales MD', 367),
(132, 'Brian Martin', 363),
(133, 'David Lopez', 366),
(134, 'Rachel Bradley', 364),
(135, 'Emily Wilson', 369),
(136, 'Elizabeth Mendez', 372),
(137, 'Casey Hernandez', 374),
(138, 'Timothy Johnson', 383),
(139, 'Randy Cannon', 379),
(140, 'Maria Fisher', 388),
(141, 'David Robinson', 401),
(142, 'Amy Gordon', 404),
(143, 'Robert Dennis', 402),
(144, 'Kyle Chambers', 398),
(145, 'Eric Thomas', 397),
(146, 'James Webster', 409),
(147, 'Samuel Turner', 407),
(148, 'Renee Melendez', 408),
(149, 'Tracy Grant', 405);

/* portal */
go
INSERT INTO Portal (TP_ID, TP_Status, CompanyID) VALUES
(1, 'Maintenance', 1),
(2, 'Active', 1),
(3, 'Active', 1),
(4, 'Active', 1),
(5, 'Active', 1),
(6, 'Active', 1),
(7, 'Active', 2),
(8, 'Active', 2),
(9, 'Active', 2),
(10, 'Active', 2),
(11, 'Active', 2),
(12, 'Active', 3),
(13, 'Active', 3),
(14, 'Active', 3),
(15, 'Maintenance', 3),
(16, 'Active', 3),
(17, 'Active', 3),
(18, 'Active', 4),
(19, 'Active', 4),
(20, 'Active', 4),
(21, 'Active', 4),
(22, 'Active', 4),
(23, 'Maintenance', 5),
(24, 'Active', 5),
(25, 'Active', 5),
(26, 'Active', 5),
(27, 'Active', 5),
(28, 'Active', 5),
(29, 'Active', 6),
(30, 'Maintenance', 6),
(31, 'Maintenance', 6),
(32, 'Active', 6),
(33, 'Active', 6),
(34, 'Active', 6),
(35, 'Active', 7),
(36, 'Active', 7),
(37, 'Active', 7),
(38, 'Active', 7),
(39, 'Maintenance', 7),
(40, 'Active', 7),
(41, 'Active', 8),
(42, 'Active', 8),
(43, 'Active', 8),
(44, 'Active', 8),
(45, 'Active', 8),
(46, 'Active', 9),
(47, 'Maintenance', 9),
(48, 'Maintenance', 10),
(49, 'Active', 10),
(50, 'Active', 11),
(51, 'Active', 11),
(52, 'Active', 12),
(53, 'Active', 12),
(54, 'Active', 12),
(55, 'Active', 13),
(56, 'Active', 13),
(57, 'Active', 13),
(58, 'Active', 14),
(59, 'Active', 14),
(60, 'Active', 14),
(61, 'Active', 14),
(62, 'Maintenance', 14),
(63, 'Maintenance', 14),
(64, 'Active', 15),
(65, 'Active', 15),
(66, 'Maintenance', 15),
(67, 'Active', 15),
(68, 'Active', 16),
(69, 'Active', 16),
(70, 'Active', 16),
(71, 'Active', 17),
(72, 'Active', 17),
(73, 'Active', 17),
(74, 'Active', 18),
(75, 'Active', 18),
(76, 'Active', 18),
(77, 'Active', 18),
(78, 'Active', 18),
(79, 'Active', 19),
(80, 'Active', 19),
(81, 'Active', 19),
(82, 'Active', 19),
(83, 'Active', 19),
(84, 'Active', 20),
(85, 'Active', 20),
(86, 'Active', 20),
(87, 'Maintenance', 21),
(88, 'Active', 21),
(89, 'Active', 21),
(90, 'Active', 21),
(91, 'Maintenance', 22),
(92, 'Active', 22),
(93, 'Active', 22),
(94, 'Active', 22),
(95, 'Active', 22),
(96, 'Active', 22),
(97, 'Active', 23),
(98, 'Active', 23),
(99, 'Active', 23),
(100, 'Active', 23),
(101, 'Active', 23),
(102, 'Active', 23),
(103, 'Active', 24),
(104, 'Active', 24),
(105, 'Active', 25),
(106, 'Active', 25),
(107, 'Active', 25),
(108, 'Maintenance', 25),
(109, 'Active', 25),
(110, 'Active', 25),
(111, 'Active', 26),
(112, 'Active', 26),
(113, 'Maintenance', 26),
(114, 'Maintenance', 27),
(115, 'Active', 27),
(116, 'Maintenance', 27),
(117, 'Active', 28),
(118, 'Active', 28),
(119, 'Active', 29),
(120, 'Maintenance', 29),
(121, 'Active', 29),
(122, 'Active', 29),
(123, 'Active', 30),
(124, 'Active', 30),
(125, 'Active', 30),
(126, 'Active', 30),
(127, 'Active', 31),
(128, 'Active', 31),
(129, 'Maintenance', 32),
(130, 'Maintenance', 32),
(131, 'Active', 32),
(132, 'Maintenance', 32),
(133, 'Active', 32),
(134, 'Active', 33),
(135, 'Active', 33),
(136, 'Active', 34),
(137, 'Active', 34),
(138, 'Active', 34),
(139, 'Active', 34),
(140, 'Maintenance', 34),
(141, 'Maintenance', 35),
(142, 'Active', 35),
(143, 'Active', 35),
(144, 'Active', 35),
(145, 'Active', 35),
(146, 'Active', 36),
(147, 'Active', 36),
(148, 'Active', 36),
(149, 'Maintenance', 37),
(150, 'Maintenance', 37),
(151, 'Active', 37),
(152, 'Active', 38),
(153, 'Active', 38),
(154, 'Active', 39),
(155, 'Active', 39),
(156, 'Maintenance', 39),
(157, 'Maintenance', 39),
(158, 'Active', 40),
(159, 'Active', 40),
(160, 'Active', 40);

/* Traveler */
go
INSERT INTO Traveler (TravelerID, TravelerName, DOB, Gender, PassportNumber, CountryID) VALUES
(1, 'David Harris', '1991-02-03', 'Other', 'yB866929', 35),
(2, 'Tammy Boone', '1995-12-27', 'Male', 'Fs278282', 35),
(3, 'Nathaniel Lee', '2004-07-12', 'Male', 'wa225790', 33),
(4, 'Michael Morrison', '1998-07-14', 'Female', 'PF723688', 5),
(5, 'Chelsea Gill', '1974-09-25', 'Female', 'fK676772', 39),
(6, 'Kristin Mendoza', '1987-12-14', 'Female', 'Is034043', 28),
(7, 'Felicia Krueger', '1966-02-23', 'Other', 'hK279788', 7),
(8, 'Timothy Hayden', '1997-04-30', 'Female', 'WU148580', 9),
(9, 'Zachary Mendoza', '1971-08-04', 'Male', 'tc783613', 8),
(10, 'Larry Harris', '1984-07-31', 'Female', 'XZ745171', 12),
(11, 'Person 11', '1990-01-12', 'Other', 'PP000011', 12),
(12, 'Person 12', '1990-01-13', 'Male', 'PP000012', 13),
(13, 'Person 13', '1990-01-14', 'Female', 'PP000013', 14),
(14, 'Person 14', '1990-01-15', 'Other', 'PP000014', 15),
(15, 'Person 15', '1990-01-16', 'Male', 'PP000015', 16),
(16, 'Person 16', '1990-01-17', 'Female', 'PP000016', 17),
(17, 'Person 17', '1990-01-18', 'Other', 'PP000017', 18),
(18, 'Person 18', '1990-01-19', 'Male', 'PP000018', 19),
(19, 'Person 19', '1990-01-20', 'Female', 'PP000019', 20),
(20, 'Person 20', '1990-01-21', 'Other', 'PP000020', 21),
(21, 'Person 21', '1990-01-22', 'Male', 'PP000021', 22),
(22, 'Person 22', '1990-01-23', 'Female', 'PP000022', 23),
(23, 'Person 23', '1990-01-24', 'Other', 'PP000023', 24),
(24, 'Person 24', '1990-01-25', 'Male', 'PP000024', 25),
(25, 'Person 25', '1990-01-26', 'Female', 'PP000025', 26),
(26, 'Person 26', '1990-01-27', 'Other', 'PP000026', 27),
(27, 'Person 27', '1990-01-28', 'Male', 'PP000027', 28),
(28, 'Person 28', '1990-01-01', 'Female', 'PP000028', 29),
(29, 'Person 29', '1990-01-02', 'Other', 'PP000029', 30),
(30, 'Person 30', '1990-01-03', 'Male', 'PP000030', 31),
(31, 'Person 31', '1990-01-04', 'Female', 'PP000031', 32),
(32, 'Person 32', '1990-01-05', 'Other', 'PP000032', 33),
(33, 'Person 33', '1990-01-06', 'Male', 'PP000033', 34),
(34, 'Person 34', '1990-01-07', 'Female', 'PP000034', 35),
(35, 'Person 35', '1990-01-08', 'Other', 'PP000035', 36),
(36, 'Person 36', '1990-01-09', 'Male', 'PP000036', 37),
(37, 'Person 37', '1990-01-10', 'Female', 'PP000037', 38),
(38, 'Person 38', '1990-01-11', 'Other', 'PP000038', 39),
(39, 'Person 39', '1990-01-12', 'Male', 'PP000039', 40),
(40, 'Person 40', '1990-01-13', 'Female', 'PP000040', 1),
(41, 'Person 41', '1990-01-14', 'Other', 'PP000041', 2),
(42, 'Person 42', '1990-01-15', 'Male', 'PP000042', 3),
(43, 'Person 43', '1990-01-16', 'Female', 'PP000043', 4),
(44, 'Person 44', '1990-01-17', 'Other', 'PP000044', 5),
(45, 'Person 45', '1990-01-18', 'Male', 'PP000045', 6),
(46, 'Person 46', '1990-01-19', 'Female', 'PP000046', 7),
(47, 'Person 47', '1990-01-20', 'Other', 'PP000047', 8),
(48, 'Person 48', '1990-01-21', 'Male', 'PP000048', 9),
(49, 'Person 49', '1990-01-22', 'Female', 'PP000049', 10),
(50, 'Person 50', '1990-01-23', 'Other', 'PP000050', 11),
(51, 'Person 51', '1990-01-24', 'Male', 'PP000051', 12),
(52, 'Person 52', '1990-01-25', 'Female', 'PP000052', 13),
(53, 'Person 53', '1990-01-26', 'Other', 'PP000053', 14),
(54, 'Person 54', '1990-01-27', 'Male', 'PP000054', 15),
(55, 'Person 55', '1990-01-28', 'Female', 'PP000055', 16),
(56, 'Person 56', '1990-01-01', 'Other', 'PP000056', 17),
(57, 'Person 57', '1990-01-02', 'Male', 'PP000057', 18),
(58, 'Person 58', '1990-01-03', 'Female', 'PP000058', 19),
(59, 'Person 59', '1990-01-04', 'Other', 'PP000059', 20),
(60, 'Person 60', '1990-01-05', 'Male', 'PP000060', 21),
(61, 'Person 61', '1990-01-06', 'Female', 'PP000061', 22),
(62, 'Person 62', '1990-01-07', 'Other', 'PP000062', 23),
(63, 'Person 63', '1990-01-08', 'Male', 'PP000063', 24),
(64, 'Person 64', '1990-01-09', 'Female', 'PP000064', 25),
(65, 'Person 65', '1990-01-10', 'Other', 'PP000065', 26),
(66, 'Person 66', '1990-01-11', 'Male', 'PP000066', 27),
(67, 'Person 67', '1990-01-12', 'Female', 'PP000067', 28),
(68, 'Person 68', '1990-01-13', 'Other', 'PP000068', 29),
(69, 'Person 69', '1990-01-14', 'Male', 'PP000069', 30),
(70, 'Person 70', '1990-01-15', 'Female', 'PP000070', 31),
(71, 'Person 71', '1990-01-16', 'Other', 'PP000071', 32),
(72, 'Person 72', '1990-01-17', 'Male', 'PP000072', 33),
(73, 'Person 73', '1990-01-18', 'Female', 'PP000073', 34),
(74, 'Person 74', '1990-01-19', 'Other', 'PP000074', 35),
(75, 'Person 75', '1990-01-20', 'Male', 'PP000075', 36),
(76, 'Person 76', '1990-01-21', 'Female', 'PP000076', 37),
(77, 'Person 77', '1990-01-22', 'Other', 'PP000077', 38),
(78, 'Person 78', '1990-01-23', 'Male', 'PP000078', 39),
(79, 'Person 79', '1990-01-24', 'Female', 'PP000079', 40),
(80, 'Person 80', '1990-01-25', 'Other', 'PP000080', 1),
(81, 'Person 81', '1990-01-26', 'Male', 'PP000081', 2),
(82, 'Person 82', '1990-01-27', 'Female', 'PP000082', 3),
(83, 'Person 83', '1990-01-28', 'Other', 'PP000083', 4),
(84, 'Person 84', '1990-01-01', 'Male', 'PP000084', 5),
(85, 'Person 85', '1990-01-02', 'Female', 'PP000085', 6),
(86, 'Person 86', '1990-01-03', 'Other', 'PP000086', 7),
(87, 'Person 87', '1990-01-04', 'Male', 'PP000087', 8),
(88, 'Person 88', '1990-01-05', 'Female', 'PP000088', 9),
(89, 'Person 89', '1990-01-06', 'Other', 'PP000089', 10),
(90, 'Person 90', '1990-01-07', 'Male', 'PP000090', 11),
(91, 'Person 91', '1990-01-08', 'Female', 'PP000091', 12),
(92, 'Person 92', '1990-01-09', 'Other', 'PP000092', 13),
(93, 'Person 93', '1990-01-10', 'Male', 'PP000093', 14),
(94, 'Person 94', '1990-01-11', 'Female', 'PP000094', 15),
(95, 'Person 95', '1990-01-12', 'Other', 'PP000095', 16),
(96, 'Person 96', '1990-01-13', 'Male', 'PP000096', 17),
(97, 'Person 97', '1990-01-14', 'Female', 'PP000097', 18),
(98, 'Person 98', '1990-01-15', 'Other', 'PP000098', 19),
(99, 'Person 99', '1990-01-16', 'Male', 'PP000099', 20),
(100, 'Person 100', '1990-01-17', 'Female', 'PP000100', 21);

/*Booking */
go
INSERT INTO Booking (BookingID, BookingDate, PaymentID, FromCountryID, ToCountryID, TP_ID, TravelerID) VALUES
(1, '2025-03-29', 1, 4, 20, 92, 1),
(2, '2025-06-16', 2, 27, 38, 47, 1),
(3, '2025-04-01', 3, 40, 16, 128, 1),
(4, '2025-01-17', 4, 17, 31, 66, 1),
(5, '2024-10-03', 5, 5, 30, 89, 2),
(6, '2025-03-05', 6, 17, 31, 78, 2),
(7, '2024-10-09', 7, 16, 26, 147, 2),
(8, '2024-10-15', 8, 26, 18, 3, 3),
(9, '2024-09-22', 9, 19, 15, 156, 3),
(10, '2024-07-29', 10, 9, 7, 11, 4),
(11, '2024-07-11', 11, 24, 9, 24, 4),
(12, '2024-11-21', 12, 12, 14, 34, 4),
(13, '2025-01-30', 13, 18, 11, 66, 4),
(14, '2025-01-21', 14, 30, 5, 37, 5),
(15, '2025-05-14', 15, 36, 24, 24, 5),
(16, '2024-12-29', 16, 30, 24, 68, 6),
(17, '2024-08-20', 17, 31, 2, 159, 6),
(18, '2024-07-13', 18, 30, 20, 105, 7),
(19, '2024-11-09', 19, 32, 8, 25, 7),
(20, '2024-06-23', 20, 35, 27, 151, 8),
(21, '2024-12-05', 21, 32, 27, 72, 8),
(22, '2024-07-26', 22, 29, 16, 93, 8),
(23, '2024-10-14', 23, 4, 27, 71, 8),
(24, '2025-05-07', 24, 39, 2, 13, 9),
(25, '2025-03-06', 25, 14, 5, 142, 9),
(26, '2025-02-19', 26, 10, 40, 1, 9),
(27, '2025-02-10', 27, 12, 8, 7, 10),
(28, '2024-12-25', 28, 2, 13, 68, 10),
(29, '2024-09-07', 29, 5, 32, 115, 10),
(30, '2024-07-29', 30, 15, 3, 134, 10),
(31, '2024-07-01', 31, 28, 7, 126, 11),
(32, '2024-09-10', 32, 21, 40, 38, 11),
(33, '2024-08-27', 33, 21, 26, 153, 11),
(34, '2025-02-24', 34, 7, 9, 142, 11),
(35, '2024-10-13', 35, 15, 28, 87, 11),
(36, '2024-07-23', 36, 28, 21, 66, 12),
(37, '2024-12-22', 37, 5, 7, 22, 12),
(38, '2025-05-15', 38, 9, 37, 16, 12),
(39, '2024-08-05', 39, 27, 23, 109, 12),
(40, '2024-10-19', 40, 7, 38, 130, 13),
(41, '2025-04-22', 41, 23, 37, 95, 13),
(42, '2024-11-23', 42, 28, 37, 160, 13),
(43, '2024-12-21', 43, 2, 13, 70, 13),
(44, '2024-12-28', 44, 12, 10, 145, 14),
(45, '2025-06-04', 45, 6, 35, 56, 14),
(46, '2025-03-05', 46, 20, 22, 146, 15),
(47, '2024-10-02', 47, 40, 4, 21, 15),
(48, '2024-07-27', 48, 27, 18, 56, 15),
(49, '2025-02-26', 49, 8, 20, 152, 15),
(50, '2025-01-19', 50, 39, 4, 2, 16),
(51, '2024-11-19', 51, 19, 22, 31, 16),
(52, '2024-09-01', 52, 25, 36, 59, 16),
(53, '2024-11-13', 53, 3, 29, 5, 16),
(54, '2025-05-31', 54, 28, 38, 104, 16),
(55, '2024-11-17', 55, 2, 22, 44, 17),
(56, '2024-11-12', 56, 6, 29, 28, 17),
(57, '2024-09-02', 57, 26, 20, 87, 17),
(58, '2024-12-12', 58, 8, 35, 131, 17),
(59, '2024-07-09', 59, 16, 7, 38, 17),
(60, '2024-10-02', 60, 12, 33, 119, 18),
(61, '2024-12-09', 61, 40, 21, 81, 18),
(62, '2024-12-19', 62, 18, 39, 15, 19),
(63, '2024-10-02', 63, 29, 3, 15, 19),
(64, '2024-09-17', 64, 40, 39, 130, 19),
(65, '2025-05-13', 65, 13, 22, 155, 19),
(66, '2024-10-04', 66, 22, 6, 130, 20),
(67, '2025-01-27', 67, 29, 35, 134, 20),
(68, '2024-07-15', 68, 27, 22, 154, 21),
(69, '2024-08-19', 69, 7, 37, 99, 21),
(70, '2025-04-10', 70, 38, 10, 90, 21),
(71, '2025-03-19', 71, 20, 37, 97, 21),
(72, '2025-03-08', 72, 6, 29, 131, 21),
(73, '2024-07-29', 73, 22, 33, 50, 22),
(74, '2024-07-25', 74, 19, 7, 130, 22),
(75, '2025-03-08', 75, 40, 9, 153, 22),
(76, '2024-11-02', 76, 3, 28, 94, 23),
(77, '2025-05-01', 77, 29, 15, 137, 23),
(78, '2025-01-18', 78, 37, 29, 119, 23),
(79, '2024-11-29', 79, 27, 11, 52, 23),
(80, '2025-04-11', 80, 31, 24, 142, 23),
(81, '2025-02-06', 81, 18, 30, 132, 24),
(82, '2024-09-18', 82, 29, 23, 7, 24),
(83, '2025-01-22', 83, 16, 26, 21, 24),
(84, '2024-07-15', 84, 10, 9, 10, 25),
(85, '2025-05-14', 85, 31, 29, 158, 25),
(86, '2024-11-19', 86, 14, 10, 141, 25),
(87, '2025-05-05', 87, 16, 21, 32, 25),
(88, '2025-01-10', 88, 8, 33, 153, 26),
(89, '2024-12-01', 89, 19, 29, 1, 26),
(90, '2025-01-15', 90, 6, 35, 93, 27),
(91, '2025-03-15', 91, 3, 26, 96, 27),
(92, '2025-05-24', 92, 23, 16, 27, 27),
(93, '2025-06-20', 93, 35, 22, 45, 28),
(94, '2024-12-23', 94, 12, 9, 17, 28),
(95, '2025-01-30', 95, 13, 3, 52, 28),
(96, '2025-05-30', 96, 26, 36, 122, 28),
(97, '2024-09-21', 97, 22, 18, 32, 29),
(98, '2024-12-23', 98, 25, 22, 48, 29),
(99, '2024-10-16', 99, 6, 29, 21, 30),
(100, '2024-07-22', 100, 21, 7, 21, 30),
(101, '2024-11-22', 101, 39, 28, 43, 30),
(102, '2025-06-07', 102, 23, 29, 71, 30),
(103, '2025-05-19', 103, 33, 11, 8, 31),
(104, '2025-03-26', 104, 5, 17, 94, 31),
(105, '2024-07-05', 105, 29, 24, 96, 31),
(106, '2025-01-02', 106, 34, 24, 102, 31),
(107, '2025-01-29', 107, 12, 33, 133, 32),
(108, '2025-06-06', 108, 29, 14, 157, 32),
(109, '2025-01-08', 109, 5, 30, 45, 33),
(110, '2025-04-28', 110, 23, 5, 141, 33),
(111, '2025-01-29', 111, 24, 34, 58, 33),
(112, '2025-03-12', 112, 2, 25, 142, 34),
(113, '2025-02-17', 113, 40, 6, 17, 34),
(114, '2024-08-18', 114, 27, 38, 19, 34),
(115, '2024-08-07', 115, 29, 31, 133, 34),
(116, '2025-04-12', 116, 33, 4, 32, 34),
(117, '2024-12-13', 117, 15, 24, 133, 35),
(118, '2024-08-28', 118, 36, 18, 33, 35),
(119, '2024-08-25', 119, 38, 39, 40, 35),
(120, '2024-09-12', 120, 2, 7, 12, 35),
(121, '2025-05-01', 121, 40, 2, 128, 36),
(122, '2024-09-04', 122, 31, 16, 104, 36),
(123, '2024-08-10', 123, 11, 30, 107, 36),
(124, '2024-07-08', 124, 21, 22, 89, 36),
(125, '2024-12-03', 125, 36, 7, 82, 36),
(126, '2024-07-22', 126, 10, 7, 13, 37),
(127, '2025-03-14', 127, 16, 11, 84, 37),
(128, '2024-12-08', 128, 32, 34, 120, 37),
(129, '2024-09-08', 129, 26, 34, 118, 38),
(130, '2025-05-07', 130, 4, 5, 73, 38),
(131, '2025-02-20', 131, 7, 29, 35, 39),
(132, '2024-08-18', 132, 3, 27, 14, 39),
(133, '2025-05-11', 133, 5, 26, 130, 40),
(134, '2025-02-08', 134, 9, 7, 101, 40),
(135, '2024-09-30', 135, 10, 14, 155, 40),
(136, '2024-10-24', 136, 9, 23, 122, 40),
(137, '2025-06-10', 137, 21, 22, 42, 41),
(138, '2025-03-31', 138, 33, 34, 137, 41),
(139, '2025-06-12', 139, 24, 22, 29, 41),
(140, '2025-05-01', 140, 17, 39, 148, 42),
(141, '2024-07-18', 141, 11, 35, 159, 42),
(142, '2024-07-25', 142, 3, 38, 29, 42),
(143, '2024-11-19', 143, 10, 28, 53, 42),
(144, '2025-01-24', 144, 9, 35, 54, 42),
(145, '2024-11-23', 145, 12, 31, 137, 43),
(146, '2025-01-22', 146, 40, 31, 50, 43),
(147, '2024-10-26', 147, 15, 21, 74, 43),
(148, '2025-05-20', 148, 23, 37, 71, 43),
(149, '2024-10-07', 149, 19, 3, 74, 44),
(150, '2025-01-09', 150, 17, 32, 55, 44),
(151, '2024-12-16', 151, 9, 7, 158, 44),
(152, '2025-06-13', 152, 15, 4, 26, 45),
(153, '2025-05-27', 153, 1, 37, 41, 45),
(154, '2024-06-26', 154, 19, 22, 74, 45),
(155, '2025-04-23', 155, 35, 3, 45, 46),
(156, '2025-03-21', 156, 32, 12, 75, 46),
(157, '2025-02-18', 157, 39, 7, 86, 46),
(158, '2025-02-05', 158, 18, 13, 29, 47),
(159, '2025-01-10', 159, 12, 1, 87, 47),
(160, '2025-04-21', 160, 28, 34, 84, 47),
(161, '2024-12-01', 161, 31, 21, 64, 47),
(162, '2024-08-04', 162, 18, 23, 78, 47),
(163, '2024-11-29', 163, 4, 9, 120, 48),
(164, '2024-08-19', 164, 20, 8, 76, 48),
(165, '2024-08-18', 165, 31, 10, 117, 48),
(166, '2025-01-28', 166, 35, 14, 64, 49),
(167, '2025-02-05', 167, 34, 24, 20, 49),
(168, '2025-02-03', 168, 33, 13, 147, 49),
(169, '2025-04-12', 169, 29, 8, 53, 49),
(170, '2025-06-21', 170, 29, 4, 117, 49),
(171, '2024-07-30', 171, 36, 30, 79, 50),
(172, '2025-06-16', 172, 14, 39, 19, 50),
(173, '2024-08-02', 173, 5, 32, 9, 51),
(174, '2025-01-26', 174, 24, 26, 115, 51),
(175, '2025-04-20', 175, 23, 8, 46, 52),
(176, '2024-07-31', 176, 15, 1, 6, 52),
(177, '2025-04-23', 177, 28, 36, 98, 52),
(178, '2024-10-11', 178, 18, 13, 29, 53),
(179, '2025-05-24', 179, 16, 14, 18, 53),
(180, '2025-01-16', 180, 16, 3, 103, 53),
(181, '2025-05-29', 181, 15, 38, 82, 54),
(182, '2024-11-02', 182, 10, 35, 57, 54),
(183, '2025-05-28', 183, 38, 12, 110, 54),
(184, '2024-11-28', 184, 34, 21, 107, 54),
(185, '2024-10-02', 185, 16, 15, 77, 55),
(186, '2024-11-17', 186, 36, 27, 107, 55),
(187, '2025-03-03', 187, 17, 14, 85, 55),
(188, '2024-12-27', 188, 35, 13, 14, 55),
(189, '2025-01-30', 189, 38, 36, 56, 55),
(190, '2025-02-13', 190, 13, 8, 123, 56),
(191, '2024-12-22', 191, 36, 21, 73, 56),
(192, '2024-07-06', 192, 24, 34, 128, 56),
(193, '2024-08-27', 193, 21, 28, 12, 57),
(194, '2024-10-06', 194, 2, 18, 142, 57),
(195, '2024-11-25', 195, 13, 23, 59, 57),
(196, '2024-08-16', 196, 22, 17, 126, 57),
(197, '2025-02-17', 197, 11, 9, 140, 58),
(198, '2025-02-13', 198, 5, 4, 2, 58),
(199, '2025-03-13', 199, 1, 15, 130, 58),
(200, '2025-03-18', 200, 32, 2, 2, 58),
(201, '2024-11-25', 201, 35, 19, 5, 59),
(202, '2024-07-07', 202, 7, 35, 39, 59),
(203, '2024-11-22', 203, 26, 6, 96, 59),
(204, '2025-06-02', 204, 15, 21, 21, 59),
(205, '2025-05-29', 205, 25, 37, 122, 60),
(206, '2024-10-28', 206, 6, 33, 112, 60),
(207, '2025-03-17', 207, 34, 3, 59, 60),
(208, '2024-09-22', 208, 5, 19, 140, 60),
(209, '2024-07-11', 209, 2, 15, 151, 60),
(210, '2025-04-07', 210, 37, 16, 146, 61),
(211, '2024-12-23', 211, 22, 26, 36, 61),
(212, '2025-06-14', 212, 4, 8, 112, 61),
(213, '2024-10-04', 213, 2, 19, 116, 62),
(214, '2025-06-05', 214, 28, 12, 150, 62),
(215, '2024-11-13', 215, 16, 5, 22, 62),
(216, '2024-06-29', 216, 25, 21, 93, 62),
(217, '2024-10-31', 217, 18, 7, 34, 63),
(218, '2025-05-05', 218, 36, 33, 105, 63),
(219, '2025-04-26', 219, 6, 40, 154, 63),
(220, '2024-10-17', 220, 27, 25, 22, 63),
(221, '2024-10-20', 221, 25, 11, 36, 64),
(222, '2024-10-08', 222, 5, 12, 112, 64),
(223, '2025-05-15', 223, 24, 17, 64, 64),
(224, '2024-12-29', 224, 7, 10, 78, 65),
(225, '2025-05-21', 225, 22, 30, 86, 65),
(226, '2025-03-19', 226, 39, 13, 123, 65),
(227, '2025-03-14', 227, 32, 38, 63, 65),
(228, '2024-07-30', 228, 8, 38, 52, 65),
(229, '2025-05-25', 229, 30, 14, 113, 66),
(230, '2024-09-18', 230, 9, 21, 62, 66),
(231, '2024-08-13', 231, 5, 30, 154, 67),
(232, '2024-10-16', 232, 27, 36, 10, 67),
(233, '2025-04-06', 233, 39, 6, 28, 67),
(234, '2024-12-11', 234, 37, 26, 85, 67),
(235, '2025-04-18', 235, 7, 18, 57, 67),
(236, '2025-05-08', 236, 30, 39, 129, 68),
(237, '2024-10-24', 237, 19, 28, 22, 68),
(238, '2024-10-04', 238, 22, 31, 53, 68),
(239, '2025-04-01', 239, 29, 30, 82, 68),
(240, '2024-11-30', 240, 2, 23, 28, 68),
(241, '2025-02-11', 241, 36, 11, 85, 69),
(242, '2025-02-27', 242, 12, 13, 111, 69),
(243, '2024-07-26', 243, 25, 1, 55, 69),
(244, '2024-09-02', 244, 24, 21, 51, 70),
(245, '2024-12-10', 245, 34, 21, 153, 70),
(246, '2024-09-12', 246, 23, 24, 118, 70),
(247, '2025-06-11', 247, 21, 8, 62, 71),
(248, '2025-05-07', 248, 33, 25, 108, 71),
(249, '2024-11-27', 249, 32, 36, 45, 71),
(250, '2025-04-05', 250, 21, 30, 159, 72),
(251, '2024-12-27', 251, 9, 14, 99, 72),
(252, '2025-04-12', 252, 27, 30, 126, 72),
(253, '2025-01-08', 253, 18, 15, 138, 73),
(254, '2025-05-24', 254, 36, 33, 29, 73),
(255, '2024-11-14', 255, 29, 36, 56, 74),
(256, '2025-05-06', 256, 20, 3, 116, 74),
(257, '2024-07-13', 257, 14, 39, 90, 75),
(258, '2025-01-08', 258, 14, 15, 16, 75),
(259, '2025-04-25', 259, 11, 22, 75, 75),
(260, '2024-08-22', 260, 27, 4, 71, 76),
(261, '2024-07-17', 261, 16, 10, 83, 76),
(262, '2024-10-20', 262, 37, 18, 107, 76),
(263, '2025-03-24', 263, 33, 18, 95, 77),
(264, '2025-01-04', 264, 1, 7, 118, 77),
(265, '2024-11-25', 265, 26, 14, 110, 77),
(266, '2024-08-13', 266, 19, 23, 141, 77),
(267, '2025-04-21', 267, 3, 8, 118, 77),
(268, '2025-05-18', 268, 28, 13, 34, 78),
(269, '2025-01-11', 269, 6, 25, 65, 78),
(270, '2025-05-29', 270, 15, 29, 24, 79),
(271, '2025-01-28', 271, 5, 10, 152, 79),
(272, '2024-07-03', 272, 22, 8, 109, 79),
(273, '2024-08-28', 273, 25, 6, 27, 79),
(274, '2024-09-04', 274, 9, 11, 18, 80),
(275, '2025-05-27', 275, 29, 23, 55, 80),
(276, '2025-05-11', 276, 14, 6, 26, 80),
(277, '2024-09-07', 277, 23, 29, 81, 80),
(278, '2025-05-13', 278, 16, 37, 154, 80),
(279, '2024-07-14', 279, 14, 35, 156, 81),
(280, '2024-09-26', 280, 16, 33, 99, 81),
(281, '2024-07-04', 281, 34, 1, 93, 81),
(282, '2024-12-16', 282, 27, 24, 140, 81),
(283, '2024-07-11', 283, 1, 18, 56, 82),
(284, '2025-06-13', 284, 19, 34, 107, 82),
(285, '2024-11-08', 285, 18, 6, 80, 83),
(286, '2025-03-22', 286, 21, 27, 151, 83),
(287, '2024-09-07', 287, 16, 4, 63, 83),
(288, '2024-10-06', 288, 20, 12, 31, 84),
(289, '2024-11-12', 289, 11, 33, 89, 84),
(290, '2025-05-07', 290, 18, 8, 8, 85),
(291, '2024-12-19', 291, 5, 18, 148, 85),
(292, '2025-01-04', 292, 24, 4, 128, 85),
(293, '2024-11-23', 293, 7, 38, 30, 86),
(294, '2025-02-23', 294, 16, 3, 121, 86),
(295, '2025-06-15', 295, 36, 27, 58, 86),
(296, '2024-08-09', 296, 18, 5, 147, 86),
(297, '2025-03-13', 297, 26, 5, 120, 87),
(298, '2024-07-03', 298, 36, 30, 3, 87),
(299, '2024-09-23', 299, 30, 24, 152, 88),
(300, '2024-11-13', 300, 16, 10, 2, 88),
(301, '2024-12-28', 301, 23, 1, 86, 88),
(302, '2025-02-07', 302, 14, 35, 61, 89),
(303, '2024-12-12', 303, 6, 3, 60, 89),
(304, '2024-08-29', 304, 6, 39, 25, 90),
(305, '2025-05-26', 305, 4, 29, 34, 90),
(306, '2024-12-23', 306, 21, 22, 116, 90),
(307, '2025-02-04', 307, 38, 7, 40, 90),
(308, '2025-01-22', 308, 27, 8, 138, 90),
(309, '2024-11-04', 309, 17, 8, 24, 91),
(310, '2024-11-02', 310, 14, 22, 38, 91),
(311, '2024-08-24', 311, 33, 4, 77, 91),
(312, '2025-05-13', 312, 29, 37, 141, 91),
(313, '2025-06-04', 313, 8, 1, 16, 91),
(314, '2024-09-30', 314, 24, 6, 150, 92),
(315, '2025-04-08', 315, 13, 30, 33, 92),
(316, '2025-05-10', 316, 30, 4, 44, 92),
(317, '2025-03-16', 317, 32, 2, 98, 92),
(318, '2024-07-27', 318, 12, 19, 72, 92),
(319, '2024-10-10', 319, 32, 27, 141, 93),
(320, '2024-07-02', 320, 9, 28, 52, 93),
(321, '2024-11-19', 321, 2, 26, 92, 93),
(322, '2024-07-11', 322, 33, 21, 100, 93),
(323, '2024-08-24', 323, 18, 4, 121, 94),
(324, '2025-05-19', 324, 16, 17, 69, 94),
(325, '2025-01-30', 325, 23, 12, 46, 95),
(326, '2025-04-20', 326, 38, 2, 91, 95),
(327, '2024-09-13', 327, 32, 36, 80, 95),
(328, '2025-05-20', 328, 15, 40, 57, 95),
(329, '2024-09-15', 329, 40, 13, 34, 95),
(330, '2025-02-28', 330, 10, 39, 37, 96),
(331, '2024-09-17', 331, 26, 39, 26, 96),
(332, '2025-03-12', 332, 32, 21, 45, 97),
(333, '2024-09-10', 333, 25, 20, 76, 97),
(334, '2024-10-04', 334, 26, 38, 9, 97),
(335, '2025-03-02', 335, 37, 7, 128, 97),
(336, '2024-11-28', 336, 21, 11, 23, 97),
(337, '2025-01-07', 337, 14, 17, 18, 98),
(338, '2024-06-29', 338, 4, 26, 113, 98),
(339, '2025-05-23', 339, 25, 23, 140, 98),
(340, '2025-04-21', 340, 11, 30, 19, 98),
(341, '2025-04-16', 341, 17, 7, 19, 99),
(342, '2025-03-13', 342, 36, 6, 87, 99),
(343, '2024-06-25', 343, 28, 11, 156, 99),
(344, '2024-12-23', 344, 22, 14, 49, 99),
(345, '2025-06-10', 345, 16, 7, 13, 100),
(346, '2024-08-12', 346, 24, 1, 110, 100),
(347, '2025-02-28', 347, 2, 15, 44, 100),
(348, '2024-08-28', 348, 20, 27, 121, 100);
/*Payment */
go
INSERT INTO Payment (PaymentID, PaymentDate, Amount, Method, PaymentStatus, BookingID) VALUES
(1, '2025-03-29', 218.68, 'PayPal', 'Paid', 1),
(2, '2025-06-16', 126.49, 'Credit Card', 'Failed', 2),
(3, '2025-04-01', 460.77, 'PayPal', 'Paid', 3),
(4, '2025-01-17', 350.08, 'Bank Transfer', 'Pending', 4),
(5, '2024-10-03', 494.44, 'Crypto', 'Failed', 5),
(6, '2025-03-05', 139.65, 'Bank Transfer', 'Pending', 6),
(7, '2024-10-09', 211.53, 'Crypto', 'Failed', 7),
(8, '2024-10-15', 304.67, 'Credit Card', 'Failed', 8),
(9, '2024-09-22', 410.87, 'PayPal', 'Failed', 9),
(10, '2024-07-29', 189.02, 'Bank Transfer', 'Paid', 10),
(11, '2024-07-11', 459.33, 'Crypto', 'Failed', 11),
(12, '2024-11-21', 403.93, 'Crypto', 'Failed', 12),
(13, '2025-01-30', 461.32, 'Bank Transfer', 'Pending', 13),
(14, '2025-01-21', 389.37, 'PayPal', 'Failed', 14),
(15, '2025-05-14', 405.81, 'Credit Card', 'Pending', 15),
(16, '2024-12-29', 313.05, 'Crypto', 'Paid', 16),
(17, '2024-08-20', 447.91, 'Crypto', 'Failed', 17),
(18, '2024-07-13', 102.50, 'Credit Card', 'Paid', 18),
(19, '2024-11-09', 155.66, 'PayPal', 'Pending', 19),
(20, '2024-06-23', 384.02, 'PayPal', 'Pending', 20),
(21, '2024-12-05', 64.72, 'Crypto', 'Paid', 21),
(22, '2024-07-26', 94.71, 'Crypto', 'Failed', 22),
(23, '2024-10-14', 135.41, 'Credit Card', 'Pending', 23),
(24, '2025-05-07', 404.06, 'PayPal', 'Paid', 24),
(25, '2025-03-06', 143.22, 'PayPal', 'Paid', 25),
(26, '2025-02-19', 174.77, 'PayPal', 'Paid', 26),
(27, '2025-02-10', 109.31, 'Crypto', 'Paid', 27),
(28, '2024-12-25', 73.58, 'Bank Transfer', 'Failed', 28),
(29, '2024-09-07', 400.11, 'Credit Card', 'Pending', 29),
(30, '2024-07-29', 185.73, 'Credit Card', 'Paid', 30),
(31, '2024-07-01', 370.58, 'Bank Transfer', 'Paid', 31),
(32, '2024-09-10', 79.56, 'Crypto', 'Failed', 32),
(33, '2024-08-27', 288.75, 'Bank Transfer', 'Failed', 33),
(34, '2025-02-24', 374.38, 'PayPal', 'Pending', 34),
(35, '2024-10-13', 422.34, 'Bank Transfer', 'Pending', 35),
(36, '2024-07-23', 218.44, 'PayPal', 'Failed', 36),
(37, '2024-12-22', 91.95, 'Credit Card', 'Failed', 37),
(38, '2025-05-15', 313.91, 'Crypto', 'Failed', 38),
(39, '2024-08-05', 440.64, 'Credit Card', 'Pending', 39),
(40, '2024-10-19', 145.73, 'Bank Transfer', 'Paid', 40),
(41, '2025-04-22', 101.70, 'Crypto', 'Failed', 41),
(42, '2024-11-23', 326.11, 'Credit Card', 'Failed', 42),
(43, '2024-12-21', 366.21, 'Crypto', 'Pending', 43),
(44, '2024-12-28', 345.81, 'Credit Card', 'Paid', 44),
(45, '2025-06-04', 219.29, 'Bank Transfer', 'Pending', 45),
(46, '2025-03-05', 318.30, 'Credit Card', 'Paid', 46),
(47, '2024-10-02', 172.45, 'Bank Transfer', 'Pending', 47),
(48, '2024-07-27', 389.72, 'Credit Card', 'Pending', 48),
(49, '2025-02-26', 268.98, 'Crypto', 'Paid', 49),
(50, '2025-01-19', 141.99, 'PayPal', 'Paid', 50),
(51, '2024-11-19', 53.48, 'Bank Transfer', 'Paid', 51),
(52, '2024-09-01', 275.12, 'Crypto', 'Paid', 52),
(53, '2024-11-13', 256.89, 'Credit Card', 'Pending', 53),
(54, '2025-05-31', 369.27, 'Bank Transfer', 'Pending', 54),
(55, '2024-11-17', 410.59, 'Bank Transfer', 'Failed', 55),
(56, '2024-11-12', 159.49, 'Bank Transfer', 'Failed', 56),
(57, '2024-09-02', 149.71, 'PayPal', 'Paid', 57),
(58, '2024-12-12', 137.26, 'Crypto', 'Pending', 58),
(59, '2024-07-09', 165.19, 'PayPal', 'Failed', 59),
(60, '2024-10-02', 389.50, 'Bank Transfer', 'Failed', 60),
(61, '2024-12-09', 117.93, 'Credit Card', 'Pending', 61),
(62, '2024-12-19', 208.37, 'Credit Card', 'Pending', 62),
(63, '2024-10-02', 215.93, 'Crypto', 'Paid', 63),
(64, '2024-09-17', 223.02, 'Credit Card', 'Pending', 64),
(65, '2025-05-13', 264.03, 'PayPal', 'Paid', 65),
(66, '2024-10-04', 340.76, 'Credit Card', 'Paid', 66),
(67, '2025-01-27', 324.41, 'Crypto', 'Pending', 67),
(68, '2024-07-15', 73.56, 'Crypto', 'Paid', 68),
(69, '2024-08-19', 177.87, 'PayPal', 'Pending', 69),
(70, '2025-04-10', 189.60, 'Bank Transfer', 'Paid', 70),
(71, '2025-03-19', 339.57, 'Crypto', 'Paid', 71),
(72, '2025-03-08', 212.82, 'Crypto', 'Pending', 72),
(73, '2024-07-29', 151.94, 'PayPal', 'Paid', 73),
(74, '2024-07-25', 396.89, 'Credit Card', 'Failed', 74),
(75, '2025-03-08', 219.52, 'PayPal', 'Paid', 75),
(76, '2024-11-02', 354.36, 'PayPal', 'Pending', 76),
(77, '2025-05-01', 157.63, 'Bank Transfer', 'Paid', 77),
(78, '2025-01-18', 396.25, 'Bank Transfer', 'Failed', 78),
(79, '2024-11-29', 410.57, 'PayPal', 'Pending', 79),
(80, '2025-04-11', 470.43, 'Credit Card', 'Pending', 80),
(81, '2025-02-06', 116.31, 'Bank Transfer', 'Paid', 81),
(82, '2024-09-18', 236.70, 'Bank Transfer', 'Failed', 82),
(83, '2025-01-22', 218.71, 'Credit Card', 'Pending', 83),
(84, '2024-07-15', 179.10, 'Bank Transfer', 'Failed', 84),
(85, '2025-05-14', 52.36, 'Credit Card', 'Paid', 85),
(86, '2024-11-19', 473.10, 'Bank Transfer', 'Paid', 86),
(87, '2025-05-05', 71.49, 'Bank Transfer', 'Failed', 87),
(88, '2025-01-10', 291.22, 'PayPal', 'Failed', 88),
(89, '2024-12-01', 326.66, 'PayPal', 'Failed', 89),
(90, '2025-01-15', 80.46, 'Credit Card', 'Pending', 90),
(91, '2025-03-15', 164.14, 'Credit Card', 'Pending', 91),
(92, '2025-05-24', 397.18, 'Crypto', 'Paid', 92),
(93, '2025-06-20', 423.67, 'Bank Transfer', 'Failed', 93),
(94, '2024-12-23', 372.22, 'Bank Transfer', 'Paid', 94),
(95, '2025-01-30', 448.61, 'Crypto', 'Pending', 95),
(96, '2025-05-30', 163.99, 'PayPal', 'Pending', 96),
(97, '2024-09-21', 409.70, 'Bank Transfer', 'Pending', 97),
(98, '2024-12-23', 273.29, 'Bank Transfer', 'Pending', 98),
(99, '2024-10-16', 243.77, 'PayPal', 'Failed', 99),
(100, '2024-07-22', 197.56, 'Crypto', 'Pending', 100),
(101, '2024-11-22', 360.39, 'Crypto', 'Pending', 101),
(102, '2025-06-07', 337.76, 'Credit Card', 'Paid', 102),
(103, '2025-05-19', 114.25, 'Bank Transfer', 'Paid', 103),
(104, '2025-03-26', 212.97, 'Credit Card', 'Failed', 104),
(105, '2024-07-05', 249.77, 'Credit Card', 'Failed', 105),
(106, '2025-01-02', 191.47, 'Crypto', 'Paid', 106),
(107, '2025-01-29', 224.14, 'Credit Card', 'Pending', 107),
(108, '2025-06-06', 178.51, 'Bank Transfer', 'Paid', 108),
(109, '2025-01-08', 454.41, 'Bank Transfer', 'Paid', 109),
(110, '2025-04-28', 293.98, 'Crypto', 'Paid', 110),
(111, '2025-01-29', 104.61, 'PayPal', 'Paid', 111),
(112, '2025-03-12', 307.52, 'Bank Transfer', 'Failed', 112),
(113, '2025-02-17', 189.18, 'Bank Transfer', 'Failed', 113),
(114, '2024-08-18', 106.40, 'Crypto', 'Failed', 114),
(115, '2024-08-07', 205.03, 'PayPal', 'Paid', 115),
(116, '2025-04-12', 283.15, 'Crypto', 'Paid', 116),
(117, '2024-12-13', 452.72, 'Credit Card', 'Pending', 117),
(118, '2024-08-28', 331.26, 'Credit Card', 'Failed', 118),
(119, '2024-08-25', 127.04, 'Crypto', 'Failed', 119),
(120, '2024-09-12', 476.85, 'Crypto', 'Failed', 120),
(121, '2025-05-01', 450.05, 'Crypto', 'Failed', 121),
(122, '2024-09-04', 183.85, 'Credit Card', 'Failed', 122),
(123, '2024-08-10', 267.91, 'PayPal', 'Pending', 123),
(124, '2024-07-08', 488.92, 'PayPal', 'Pending', 124),
(125, '2024-12-03', 158.78, 'Credit Card', 'Pending', 125),
(126, '2024-07-22', 180.60, 'Bank Transfer', 'Failed', 126),
(127, '2025-03-14', 470.19, 'Crypto', 'Paid', 127),
(128, '2024-12-08', 274.44, 'Crypto', 'Pending', 128),
(129, '2024-09-08', 485.01, 'PayPal', 'Failed', 129),
(130, '2025-05-07', 272.70, 'Bank Transfer', 'Pending', 130),
(131, '2025-02-20', 447.11, 'Crypto', 'Pending', 131),
(132, '2024-08-18', 306.63, 'PayPal', 'Pending', 132),
(133, '2025-05-11', 252.66, 'Crypto', 'Failed', 133),
(134, '2025-02-08', 217.94, 'Crypto', 'Failed', 134),
(135, '2024-09-30', 279.11, 'Credit Card', 'Paid', 135),
(136, '2024-10-24', 283.70, 'PayPal', 'Failed', 136),
(137, '2025-06-10', 226.83, 'Crypto', 'Failed', 137),
(138, '2025-03-31', 270.43, 'Crypto', 'Pending', 138),
(139, '2025-06-12', 490.95, 'Crypto', 'Failed', 139),
(140, '2025-05-01', 152.39, 'Credit Card', 'Failed', 140),
(141, '2024-07-18', 398.57, 'Bank Transfer', 'Paid', 141),
(142, '2024-07-25', 135.85, 'Bank Transfer', 'Pending', 142),
(143, '2024-11-19', 234.67, 'Bank Transfer', 'Failed', 143),
(144, '2025-01-24', 302.40, 'Bank Transfer', 'Failed', 144),
(145, '2024-11-23', 204.05, 'Crypto', 'Failed', 145),
(146, '2025-01-22', 480.80, 'Crypto', 'Failed', 146),
(147, '2024-10-26', 367.21, 'Bank Transfer', 'Pending', 147),
(148, '2025-05-20', 179.51, 'Bank Transfer', 'Pending', 148),
(149, '2024-10-07', 479.89, 'Credit Card', 'Pending', 149),
(150, '2025-01-09', 140.93, 'Crypto', 'Failed', 150),
(151, '2024-12-16', 383.40, 'PayPal', 'Paid', 151),
(152, '2025-06-13', 235.99, 'Bank Transfer', 'Paid', 152),
(153, '2025-05-27', 233.11, 'Bank Transfer', 'Pending', 153),
(154, '2024-06-26', 340.65, 'Credit Card', 'Failed', 154),
(155, '2025-04-23', 238.05, 'PayPal', 'Paid', 155),
(156, '2025-03-21', 444.53, 'Credit Card', 'Pending', 156),
(157, '2025-02-18', 178.05, 'Bank Transfer', 'Paid', 157),
(158, '2025-02-05', 198.81, 'Bank Transfer', 'Failed', 158),
(159, '2025-01-10', 405.85, 'PayPal', 'Paid', 159),
(160, '2025-04-21', 89.03, 'Credit Card', 'Paid', 160),
(161, '2024-12-01', 53.07, 'Bank Transfer', 'Paid', 161),
(162, '2024-08-04', 312.11, 'Credit Card', 'Pending', 162),
(163, '2024-11-29', 188.06, 'Bank Transfer', 'Failed', 163),
(164, '2024-08-19', 215.39, 'PayPal', 'Paid', 164),
(165, '2024-08-18', 386.48, 'Crypto', 'Pending', 165),
(166, '2025-01-28', 356.15, 'Credit Card', 'Failed', 166),
(167, '2025-02-05', 462.76, 'Credit Card', 'Paid', 167),
(168, '2025-02-03', 291.50, 'PayPal', 'Pending', 168),
(169, '2025-04-12', 372.61, 'Bank Transfer', 'Paid', 169),
(170, '2025-06-21', 109.37, 'Bank Transfer', 'Pending', 170),
(171, '2024-07-30', 375.48, 'Bank Transfer', 'Pending', 171),
(172, '2025-06-16', 70.38, 'Crypto', 'Failed', 172),
(173, '2024-08-02', 179.19, 'PayPal', 'Paid', 173),
(174, '2025-01-26', 441.33, 'Bank Transfer', 'Pending', 174),
(175, '2025-04-20', 496.78, 'Bank Transfer', 'Failed', 175),
(176, '2024-07-31', 490.32, 'Bank Transfer', 'Failed', 176),
(177, '2025-04-23', 420.51, 'PayPal', 'Pending', 177),
(178, '2024-10-11', 64.50, 'Bank Transfer', 'Failed', 178),
(179, '2025-05-24', 95.40, 'Credit Card', 'Pending', 179),
(180, '2025-01-16', 247.53, 'PayPal', 'Paid', 180),
(181, '2025-05-29', 309.86, 'Crypto', 'Paid', 181),
(182, '2024-11-02', 236.10, 'Crypto', 'Paid', 182),
(183, '2025-05-28', 300.13, 'Credit Card', 'Pending', 183),
(184, '2024-11-28', 233.72, 'Crypto', 'Pending', 184),
(185, '2024-10-02', 435.89, 'PayPal', 'Pending', 185),
(186, '2024-11-17', 300.78, 'PayPal', 'Pending', 186),
(187, '2025-03-03', 341.02, 'Bank Transfer', 'Pending', 187),
(188, '2024-12-27', 170.81, 'Credit Card', 'Paid', 188),
(189, '2025-01-30', 265.73, 'Crypto', 'Pending', 189),
(190, '2025-02-13', 461.50, 'PayPal', 'Pending', 190),
(191, '2024-12-22', 221.30, 'Crypto', 'Pending', 191),
(192, '2024-07-06', 259.70, 'Bank Transfer', 'Pending', 192),
(193, '2024-08-27', 303.14, 'PayPal', 'Failed', 193),
(194, '2024-10-06', 470.64, 'Bank Transfer', 'Pending', 194),
(195, '2024-11-25', 220.93, 'PayPal', 'Pending', 195),
(196, '2024-08-16', 484.93, 'Bank Transfer', 'Pending', 196),
(197, '2025-02-17', 269.74, 'Credit Card', 'Failed', 197),
(198, '2025-02-13', 235.58, 'PayPal', 'Paid', 198),
(199, '2025-03-13', 255.20, 'Credit Card', 'Failed', 199),
(200, '2025-03-18', 289.50, 'Bank Transfer', 'Paid', 200),
(201, '2024-11-25', 276.00, 'Bank Transfer', 'Paid', 201),
(202, '2024-07-07', 158.44, 'Crypto', 'Pending', 202),
(203, '2024-11-22', 481.68, 'Bank Transfer', 'Failed', 203),
(204, '2025-06-02', 344.18, 'Credit Card', 'Paid', 204),
(205, '2025-05-29', 75.25, 'Credit Card', 'Failed', 205),
(206, '2024-10-28', 340.21, 'Crypto', 'Failed', 206),
(207, '2025-03-17', 145.14, 'Bank Transfer', 'Pending', 207),
(208, '2024-09-22', 303.58, 'Credit Card', 'Paid', 208),
(209, '2024-07-11', 114.89, 'Bank Transfer', 'Paid', 209),
(210, '2025-04-07', 425.59, 'Bank Transfer', 'Failed', 210),
(211, '2024-12-23', 405.72, 'Credit Card', 'Failed', 211),
(212, '2025-06-14', 154.46, 'Credit Card', 'Pending', 212),
(213, '2024-10-04', 270.77, 'Crypto', 'Failed', 213),
(214, '2025-06-05', 347.30, 'Credit Card', 'Failed', 214),
(215, '2024-11-13', 170.59, 'Bank Transfer', 'Failed', 215),
(216, '2024-06-29', 97.95, 'Credit Card', 'Pending', 216),
(217, '2024-10-31', 89.28, 'Bank Transfer', 'Pending', 217),
(218, '2025-05-05', 96.48, 'Credit Card', 'Pending', 218),
(219, '2025-04-26', 403.00, 'Bank Transfer', 'Paid', 219),
(220, '2024-10-17', 376.18, 'PayPal', 'Failed', 220),
(221, '2024-10-20', 171.01, 'Crypto', 'Pending', 221),
(222, '2024-10-08', 174.18, 'Crypto', 'Pending', 222),
(223, '2025-05-15', 374.40, 'Bank Transfer', 'Failed', 223),
(224, '2024-12-29', 53.05, 'Bank Transfer', 'Pending', 224),
(225, '2025-05-21', 243.78, 'PayPal', 'Pending', 225),
(226, '2025-03-19', 191.38, 'Bank Transfer', 'Pending', 226),
(227, '2025-03-14', 196.65, 'Crypto', 'Pending', 227),
(228, '2024-07-30', 316.50, 'PayPal', 'Failed', 228),
(229, '2025-05-25', 408.96, 'Credit Card', 'Pending', 229),
(230, '2024-09-18', 163.71, 'PayPal', 'Failed', 230),
(231, '2024-08-13', 265.66, 'Bank Transfer', 'Failed', 231),
(232, '2024-10-16', 405.82, 'Crypto', 'Failed', 232),
(233, '2025-04-06', 396.03, 'Crypto', 'Paid', 233),
(234, '2024-12-11', 484.57, 'Bank Transfer', 'Paid', 234),
(235, '2025-04-18', 279.80, 'PayPal', 'Pending', 235),
(236, '2025-05-08', 117.84, 'Credit Card', 'Pending', 236),
(237, '2024-10-24', 102.23, 'PayPal', 'Pending', 237),
(238, '2024-10-04', 284.50, 'Crypto', 'Pending', 238),
(239, '2025-04-01', 80.23, 'Credit Card', 'Failed', 239),
(240, '2024-11-30', 354.71, 'PayPal', 'Failed', 240),
(241, '2025-02-11', 301.93, 'Bank Transfer', 'Paid', 241),
(242, '2025-02-27', 228.01, 'PayPal', 'Pending', 242),
(243, '2024-07-26', 142.60, 'Credit Card', 'Failed', 243),
(244, '2024-09-02', 255.90, 'Crypto', 'Failed', 244),
(245, '2024-12-10', 224.89, 'Bank Transfer', 'Failed', 245),
(246, '2024-09-12', 327.81, 'Crypto', 'Failed', 246),
(247, '2025-06-11', 187.42, 'PayPal', 'Pending', 247),
(248, '2025-05-07', 318.39, 'Bank Transfer', 'Pending', 248),
(249, '2024-11-27', 299.71, 'Bank Transfer', 'Pending', 249),
(250, '2025-04-05', 74.13, 'Crypto', 'Paid', 250),
(251, '2024-12-27', 483.72, 'Bank Transfer', 'Pending', 251),
(252, '2025-04-12', 125.26, 'Credit Card', 'Paid', 252),
(253, '2025-01-08', 179.90, 'Bank Transfer', 'Failed', 253),
(254, '2025-05-24', 307.72, 'Crypto', 'Failed', 254),
(255, '2024-11-14', 495.40, 'Credit Card', 'Failed', 255),
(256, '2025-05-06', 168.27, 'Credit Card', 'Pending', 256),
(257, '2024-07-13', 437.47, 'Bank Transfer', 'Paid', 257),
(258, '2025-01-08', 306.53, 'Crypto', 'Failed', 258),
(259, '2025-04-25', 180.20, 'Crypto', 'Failed', 259),
(260, '2024-08-22', 440.17, 'PayPal', 'Failed', 260),
(261, '2024-07-17', 422.82, 'Bank Transfer', 'Pending', 261),
(262, '2024-10-20', 218.83, 'Credit Card', 'Failed', 262),
(263, '2025-03-24', 254.61, 'Bank Transfer', 'Pending', 263),
(264, '2025-01-04', 335.68, 'Crypto', 'Paid', 264),
(265, '2024-11-25', 421.18, 'Bank Transfer', 'Pending', 265),
(266, '2024-08-13', 310.07, 'Bank Transfer', 'Pending', 266),
(267, '2025-04-21', 57.33, 'PayPal', 'Pending', 267),
(268, '2025-05-18', 446.97, 'Crypto', 'Paid', 268),
(269, '2025-01-11', 87.09, 'PayPal', 'Paid', 269),
(270, '2025-05-29', 366.66, 'Credit Card', 'Paid', 270),
(271, '2025-01-28', 151.79, 'Bank Transfer', 'Paid', 271),
(272, '2024-07-03', 362.31, 'Bank Transfer', 'Paid', 272),
(273, '2024-08-28', 96.44, 'Crypto', 'Pending', 273),
(274, '2024-09-04', 288.73, 'Credit Card', 'Failed', 274),
(275, '2025-05-27', 332.64, 'PayPal', 'Pending', 275),
(276, '2025-05-11', 113.01, 'Credit Card', 'Failed', 276),
(277, '2024-09-07', 405.98, 'PayPal', 'Pending', 277),
(278, '2025-05-13', 320.00, 'Crypto', 'Failed', 278),
(279, '2024-07-14', 279.29, 'Bank Transfer', 'Pending', 279),
(280, '2024-09-26', 100.73, 'Bank Transfer', 'Failed', 280),
(281, '2024-07-04', 470.27, 'PayPal', 'Pending', 281),
(282, '2024-12-16', 357.32, 'Bank Transfer', 'Paid', 282),
(283, '2024-07-11', 67.92, 'Credit Card', 'Pending', 283),
(284, '2025-06-13', 240.61, 'Bank Transfer', 'Paid', 284),
(285, '2024-11-08', 85.56, 'PayPal', 'Paid', 285),
(286, '2025-03-22', 335.43, 'Credit Card', 'Pending', 286),
(287, '2024-09-07', 88.80, 'Bank Transfer', 'Paid', 287),
(288, '2024-10-06', 55.70, 'PayPal', 'Failed', 288),
(289, '2024-11-12', 285.35, 'Crypto', 'Paid', 289),
(290, '2025-05-07', 200.75, 'Bank Transfer', 'Pending', 290),
(291, '2024-12-19', 332.39, 'Bank Transfer', 'Pending', 291),
(292, '2025-01-04', 436.71, 'PayPal', 'Pending', 292),
(293, '2024-11-23', 152.78, 'Credit Card', 'Paid', 293),
(294, '2025-02-23', 213.79, 'PayPal', 'Paid', 294),
(295, '2025-06-15', 194.81, 'Bank Transfer', 'Failed', 295),
(296, '2024-08-09', 217.76, 'Credit Card', 'Paid', 296),
(297, '2025-03-13', 439.71, 'Crypto', 'Pending', 297),
(298, '2024-07-03', 216.01, 'Crypto', 'Failed', 298),
(299, '2024-09-23', 487.34, 'PayPal', 'Failed', 299),
(300, '2024-11-13', 469.58, 'Credit Card', 'Paid', 300),
(301, '2024-12-28', 50.66, 'Bank Transfer', 'Failed', 301),
(302, '2025-02-07', 238.92, 'Credit Card', 'Paid', 302),
(303, '2024-12-12', 453.78, 'Bank Transfer', 'Failed', 303),
(304, '2024-08-29', 277.44, 'Bank Transfer', 'Paid', 304),
(305, '2025-05-26', 156.55, 'Crypto', 'Pending', 305),
(306, '2024-12-23', 172.38, 'Credit Card', 'Paid', 306),
(307, '2025-02-04', 97.55, 'Bank Transfer', 'Pending', 307),
(308, '2025-01-22', 211.23, 'PayPal', 'Pending', 308),
(309, '2024-11-04', 120.93, 'Crypto', 'Failed', 309),
(310, '2024-11-02', 91.05, 'PayPal', 'Pending', 310),
(311, '2024-08-24', 167.08, 'PayPal', 'Paid', 311),
(312, '2025-05-13', 162.43, 'Bank Transfer', 'Paid', 312),
(313, '2025-06-04', 423.67, 'PayPal', 'Paid', 313),
(314, '2024-09-30', 313.75, 'Credit Card', 'Paid', 314),
(315, '2025-04-08', 91.39, 'Crypto', 'Paid', 315),
(316, '2025-05-10', 465.86, 'Bank Transfer', 'Failed', 316),
(317, '2025-03-16', 357.45, 'PayPal', 'Pending', 317),
(318, '2024-07-27', 250.71, 'PayPal', 'Paid', 318),
(319, '2024-10-10', 265.56, 'Credit Card', 'Pending', 319),
(320, '2024-07-02', 339.19, 'PayPal', 'Failed', 320),
(321, '2024-11-19', 265.86, 'Bank Transfer', 'Pending', 321),
(322, '2024-07-11', 171.70, 'Credit Card', 'Pending', 322),
(323, '2024-08-24', 288.24, 'PayPal', 'Paid', 323),
(324, '2025-05-19', 290.16, 'Credit Card', 'Paid', 324),
(325, '2025-01-30', 156.45, 'Crypto', 'Failed', 325),
(326, '2025-04-20', 476.40, 'PayPal', 'Failed', 326),
(327, '2024-09-13', 129.00, 'Credit Card', 'Paid', 327),
(328, '2025-05-20', 58.97, 'Bank Transfer', 'Paid', 328),
(329, '2024-09-15', 203.34, 'PayPal', 'Pending', 329),
(330, '2025-02-28', 398.46, 'Crypto', 'Paid', 330),
(331, '2024-09-17', 201.45, 'Crypto', 'Paid', 331),
(332, '2025-03-12', 368.23, 'Crypto', 'Paid', 332),
(333, '2024-09-10', 107.31, 'Credit Card', 'Failed', 333),
(334, '2024-10-04', 131.94, 'Crypto', 'Failed', 334),
(335, '2025-03-02', 113.29, 'Credit Card', 'Paid', 335),
(336, '2024-11-28', 419.75, 'Crypto', 'Pending', 336),
(337, '2025-01-07', 207.72, 'Credit Card', 'Failed', 337),
(338, '2024-06-29', 379.66, 'PayPal', 'Pending', 338),
(339, '2025-05-23', 218.91, 'Bank Transfer', 'Failed', 339),
(340, '2025-04-21', 409.64, 'Credit Card', 'Pending', 340),
(341, '2025-04-16', 203.81, 'Bank Transfer', 'Paid', 341),
(342, '2025-03-13', 317.31, 'Bank Transfer', 'Failed', 342),
(343, '2024-06-25', 450.39, 'PayPal', 'Paid', 343),
(344, '2024-12-23', 234.18, 'Crypto', 'Failed', 344),
(345, '2025-06-10', 226.81, 'Bank Transfer', 'Paid', 345),
(346, '2024-08-12', 89.43, 'Bank Transfer', 'Paid', 346),
(347, '2025-02-28', 337.19, 'Credit Card', 'Pending', 347),
(348, '2024-08-28', 270.09, 'Crypto', 'Paid', 348);

/*TeleportationLogs */
go
INSERT INTO TeleportationLogs (Log_ID, TP_ID, OperatorID, BookingID, TeleLog_Status) VALUES
(1, 92, 136, 1, 'Success'),
(2, 47, 98, 2, 'Success'),
(3, 128, 119, 3, 'Success'),
(4, 66, 140, 4, 'Success'),
(5, 89, 109, 5, 'Success'),
(6, 78, 28, 6, 'Failed'),
(7, 147, 76, 7, 'Success'),
(8, 3, 128, 8, 'Success'),
(9, 156, 49, 9, 'Success'),
(10, 11, 149, 10, 'Success'),
(11, 24, 107, 11, 'Success'),
(12, 34, 129, 12, 'Success'),
(13, 66, 87, 13, 'Success'),
(14, 37, 102, 14, 'Success'),
(15, 24, 138, 15, 'Success'),
(16, 68, 60, 16, 'Success'),
(17, 159, 57, 17, 'Success'),
(18, 105, 78, 18, 'Success'),
(19, 25, 117, 19, 'Success'),
(20, 151, 26, 20, 'Success'),
(21, 72, 114, 21, 'Success'),
(22, 93, 92, 22, 'Success'),
(23, 71, 24, 23, 'Success'),
(24, 13, 145, 24, 'Success'),
(25, 142, 85, 25, 'Success'),
(26, 1, 139, 26, 'Success'),
(27, 7, 83, 27, 'Success'),
(28, 68, 30, 28, 'Success'),
(29, 115, 129, 29, 'Success'),
(30, 134, 123, 30, 'Success'),
(31, 126, 21, 31, 'Failed'),
(32, 38, 141, 32, 'Success'),
(33, 153, 111, 33, 'Success'),
(34, 142, 116, 34, 'Failed'),
(35, 87, 25, 35, 'Success'),
(36, 66, 122, 36, 'Success'),
(37, 22, 96, 37, 'Success'),
(38, 16, 32, 38, 'Success'),
(39, 109, 80, 39, 'Success'),
(40, 130, 28, 40, 'Success'),
(41, 95, 58, 41, 'Success'),
(42, 160, 69, 42, 'Success'),
(43, 70, 90, 43, 'Success'),
(44, 145, 8, 44, 'Success'),
(45, 56, 41, 45, 'Success'),
(46, 146, 41, 46, 'Success'),
(47, 21, 114, 47, 'Success'),
(48, 56, 111, 48, 'Success'),
(49, 152, 57, 49, 'Success'),
(50, 2, 66, 50, 'Success'),
(51, 31, 34, 51, 'Success'),
(52, 59, 102, 52, 'Success'),
(53, 5, 148, 53, 'Success'),
(54, 104, 30, 54, 'Success'),
(55, 44, 93, 55, 'Success'),
(56, 28, 21, 56, 'Success'),
(57, 87, 131, 57, 'Failed'),
(58, 131, 38, 58, 'Success'),
(59, 38, 40, 59, 'Success'),
(60, 119, 145, 60, 'Success'),
(61, 81, 114, 61, 'Success'),
(62, 15, 119, 62, 'Success'),
(63, 15, 24, 63, 'Success'),
(64, 130, 147, 64, 'Success'),
(65, 155, 116, 65, 'Success'),
(66, 130, 113, 66, 'Success'),
(67, 134, 73, 67, 'Success'),
(68, 154, 85, 68, 'Success'),
(69, 99, 21, 69, 'Success'),
(70, 90, 22, 70, 'Success'),
(71, 97, 135, 71, 'Success'),
(72, 131, 47, 72, 'Success'),
(73, 50, 20, 73, 'Success'),
(74, 130, 87, 74, 'Success'),
(75, 153, 43, 75, 'Success'),
(76, 94, 73, 76, 'Success'),
(77, 137, 95, 77, 'Success'),
(78, 119, 136, 78, 'Success'),
(79, 52, 14, 79, 'Success'),
(80, 142, 22, 80, 'Success'),
(81, 132, 57, 81, 'Success'),
(82, 7, 96, 82, 'Success'),
(83, 21, 26, 83, 'Success'),
(84, 10, 36, 84, 'Failed'),
(85, 158, 66, 85, 'Success'),
(86, 141, 74, 86, 'Success'),
(87, 32, 118, 87, 'Success'),
(88, 153, 37, 88, 'Success'),
(89, 1, 107, 89, 'Success'),
(90, 93, 121, 90, 'Success'),
(91, 96, 18, 91, 'Success'),
(92, 27, 12, 92, 'Success'),
(93, 45, 123, 93, 'Failed'),
(94, 17, 76, 94, 'Success'),
(95, 52, 132, 95, 'Success'),
(96, 122, 92, 96, 'Success'),
(97, 32, 113, 97, 'Success'),
(98, 48, 133, 98, 'Success'),
(99, 21, 76, 99, 'Success'),
(100, 21, 115, 100, 'Success'),
(101, 43, 11, 101, 'Success'),
(102, 71, 104, 102, 'Success'),
(103, 8, 33, 103, 'Success'),
(104, 94, 40, 104, 'Success'),
(105, 96, 36, 105, 'Success'),
(106, 102, 30, 106, 'Success'),
(107, 133, 67, 107, 'Success'),
(108, 157, 32, 108, 'Success'),
(109, 45, 82, 109, 'Success'),
(110, 141, 45, 110, 'Success'),
(111, 58, 61, 111, 'Success'),
(112, 142, 34, 112, 'Success'),
(113, 17, 106, 113, 'Success'),
(114, 19, 19, 114, 'Success'),
(115, 133, 111, 115, 'Success'),
(116, 32, 42, 116, 'Success'),
(117, 133, 51, 117, 'Success'),
(118, 33, 44, 118, 'Success'),
(119, 40, 11, 119, 'Success'),
(120, 12, 54, 120, 'Success'),
(121, 128, 78, 121, 'Success'),
(122, 104, 16, 122, 'Success'),
(123, 107, 37, 123, 'Success'),
(124, 89, 132, 124, 'Success'),
(125, 82, 116, 125, 'Success'),
(126, 13, 108, 126, 'Success'),
(127, 84, 41, 127, 'Success'),
(128, 120, 6, 128, 'Success'),
(129, 118, 91, 129, 'Success'),
(130, 73, 138, 130, 'Success'),
(131, 35, 94, 131, 'Success'),
(132, 14, 142, 132, 'Failed'),
(133, 130, 31, 133, 'Success'),
(134, 101, 94, 134, 'Success'),
(135, 155, 10, 135, 'Success'),
(136, 122, 132, 136, 'Success'),
(137, 42, 87, 137, 'Success'),
(138, 137, 5, 138, 'Success'),
(139, 29, 7, 139, 'Success'),
(140, 148, 123, 140, 'Success'),
(141, 159, 63, 141, 'Success'),
(142, 29, 108, 142, 'Success'),
(143, 53, 16, 143, 'Success'),
(144, 54, 97, 144, 'Success'),
(145, 137, 68, 145, 'Success'),
(146, 50, 77, 146, 'Success'),
(147, 74, 123, 147, 'Success'),
(148, 71, 89, 148, 'Success'),
(149, 74, 114, 149, 'Success'),
(150, 55, 70, 150, 'Success'),
(151, 158, 13, 151, 'Success'),
(152, 26, 36, 152, 'Success'),
(153, 41, 52, 153, 'Success'),
(154, 74, 147, 154, 'Success'),
(155, 45, 102, 155, 'Success'),
(156, 75, 146, 156, 'Success'),
(157, 86, 130, 157, 'Success'),
(158, 29, 66, 158, 'Success'),
(159, 87, 104, 159, 'Success'),
(160, 84, 36, 160, 'Success'),
(161, 64, 115, 161, 'Success'),
(162, 78, 93, 162, 'Success'),
(163, 120, 129, 163, 'Success'),
(164, 76, 35, 164, 'Success'),
(165, 117, 141, 165, 'Success'),
(166, 64, 115, 166, 'Success'),
(167, 20, 141, 167, 'Success'),
(168, 147, 134, 168, 'Success'),
(169, 53, 131, 169, 'Success'),
(170, 117, 145, 170, 'Success'),
(171, 79, 1, 171, 'Success'),
(172, 19, 17, 172, 'Success'),
(173, 9, 108, 173, 'Success'),
(174, 115, 21, 174, 'Success'),
(175, 46, 33, 175, 'Success'),
(176, 6, 140, 176, 'Success'),
(177, 98, 89, 177, 'Success'),
(178, 29, 5, 178, 'Success'),
(179, 18, 13, 179, 'Success'),
(180, 103, 36, 180, 'Success'),
(181, 82, 78, 181, 'Success'),
(182, 57, 143, 182, 'Success'),
(183, 110, 98, 183, 'Success'),
(184, 107, 48, 184, 'Success'),
(185, 77, 15, 185, 'Success'),
(186, 107, 63, 186, 'Success'),
(187, 85, 24, 187, 'Success'),
(188, 14, 49, 188, 'Success'),
(189, 56, 4, 189, 'Success'),
(190, 123, 62, 190, 'Success'),
(191, 73, 67, 191, 'Success'),
(192, 128, 53, 192, 'Success'),
(193, 12, 38, 193, 'Success'),
(194, 142, 40, 194, 'Success'),
(195, 59, 141, 195, 'Success'),
(196, 126, 44, 196, 'Success'),
(197, 140, 9, 197, 'Success'),
(198, 2, 39, 198, 'Success'),
(199, 130, 124, 199, 'Success'),
(200, 2, 5, 200, 'Success'),
(201, 5, 28, 201, 'Success'),
(202, 39, 69, 202, 'Success'),
(203, 96, 63, 203, 'Success'),
(204, 21, 104, 204, 'Success'),
(205, 122, 44, 205, 'Success'),
(206, 112, 25, 206, 'Success'),
(207, 59, 12, 207, 'Success'),
(208, 140, 81, 208, 'Success'),
(209, 151, 77, 209, 'Success'),
(210, 146, 139, 210, 'Success'),
(211, 36, 89, 211, 'Success'),
(212, 112, 102, 212, 'Success'),
(213, 116, 97, 213, 'Success'),
(214, 150, 76, 214, 'Success'),
(215, 22, 40, 215, 'Success'),
(216, 93, 114, 216, 'Success'),
(217, 34, 143, 217, 'Success'),
(218, 105, 142, 218, 'Success'),
(219, 154, 75, 219, 'Success'),
(220, 22, 134, 220, 'Success'),
(221, 36, 38, 221, 'Success'),
(222, 112, 20, 222, 'Success'),
(223, 64, 51, 223, 'Success'),
(224, 78, 98, 224, 'Success'),
(225, 86, 83, 225, 'Success'),
(226, 123, 75, 226, 'Success'),
(227, 63, 94, 227, 'Success'),
(228, 52, 141, 228, 'Success'),
(229, 113, 128, 229, 'Success'),
(230, 62, 109, 230, 'Success'),
(231, 154, 130, 231, 'Success'),
(232, 10, 138, 232, 'Success'),
(233, 28, 12, 233, 'Success'),
(234, 85, 3, 234, 'Success'),
(235, 57, 96, 235, 'Success'),
(236, 129, 27, 236, 'Success'),
(237, 22, 80, 237, 'Success'),
(238, 53, 25, 238, 'Success'),
(239, 82, 30, 239, 'Success'),
(240, 28, 63, 240, 'Success'),
(241, 85, 104, 241, 'Success'),
(242, 111, 110, 242, 'Success'),
(243, 55, 27, 243, 'Success'),
(244, 51, 126, 244, 'Success'),
(245, 153, 30, 245, 'Success'),
(246, 118, 22, 246, 'Success'),
(247, 62, 37, 247, 'Success'),
(248, 108, 48, 248, 'Success'),
(249, 45, 36, 249, 'Success'),
(250, 159, 125, 250, 'Success'),
(251, 99, 126, 251, 'Success'),
(252, 126, 75, 252, 'Success'),
(253, 138, 127, 253, 'Success'),
(254, 29, 94, 254, 'Success'),
(255, 56, 64, 255, 'Success'),
(256, 116, 31, 256, 'Success'),
(257, 90, 36, 257, 'Success'),
(258, 16, 138, 258, 'Success'),
(259, 75, 25, 259, 'Success'),
(260, 71, 34, 260, 'Success'),
(261, 83, 37, 261, 'Success'),
(262, 107, 24, 262, 'Success'),
(263, 95, 149, 263, 'Success'),
(264, 118, 137, 264, 'Success'),
(265, 110, 83, 265, 'Success'),
(266, 141, 13, 266, 'Success'),
(267, 118, 117, 267, 'Success'),
(268, 34, 71, 268, 'Success'),
(269, 65, 102, 269, 'Failed'),
(270, 24, 123, 270, 'Success'),
(271, 152, 3, 271, 'Success'),
(272, 109, 59, 272, 'Success'),
(273, 27, 36, 273, 'Success'),
(274, 18, 43, 274, 'Success'),
(275, 55, 114, 275, 'Success'),
(276, 26, 99, 276, 'Success'),
(277, 81, 22, 277, 'Success'),
(278, 154, 7, 278, 'Success'),
(279, 156, 14, 279, 'Success'),
(280, 99, 19, 280, 'Success'),
(281, 93, 146, 281, 'Success'),
(282, 140, 5, 282, 'Success'),
(283, 56, 130, 283, 'Success'),
(284, 107, 138, 284, 'Success'),
(285, 80, 138, 285, 'Success'),
(286, 151, 112, 286, 'Success'),
(287, 63, 117, 287, 'Success'),
(288, 31, 3, 288, 'Success'),
(289, 89, 96, 289, 'Success'),
(290, 8, 135, 290, 'Success'),
(291, 148, 131, 291, 'Success'),
(292, 128, 41, 292, 'Success'),
(293, 30, 4, 293, 'Success'),
(294, 121, 10, 294, 'Success'),
(295, 58, 82, 295, 'Success'),
(296, 147, 58, 296, 'Success'),
(297, 120, 23, 297, 'Success'),
(298, 3, 78, 298, 'Success'),
(299, 152, 140, 299, 'Success'),
(300, 2, 139, 300, 'Success'),
(301, 86, 79, 301, 'Success'),
(302, 61, 72, 302, 'Success'),
(303, 60, 96, 303, 'Success'),
(304, 25, 146, 304, 'Success'),
(305, 34, 101, 305, 'Success'),
(306, 116, 35, 306, 'Success'),
(307, 40, 81, 307, 'Success'),
(308, 138, 79, 308, 'Success'),
(309, 24, 11, 309, 'Success'),
(310, 38, 102, 310, 'Success'),
(311, 77, 104, 311, 'Success'),
(312, 141, 36, 312, 'Success'),
(313, 16, 51, 313, 'Success'),
(314, 150, 17, 314, 'Success'),
(315, 33, 11, 315, 'Success'),
(316, 44, 102, 316, 'Success'),
(317, 98, 55, 317, 'Success'),
(318, 72, 63, 318, 'Success'),
(319, 141, 99, 319, 'Success'),
(320, 52, 140, 320, 'Success'),
(321, 92, 145, 321, 'Success'),
(322, 100, 57, 322, 'Success'),
(323, 121, 26, 323, 'Success'),
(324, 69, 148, 324, 'Success'),
(325, 46, 92, 325, 'Success'),
(326, 91, 49, 326, 'Success'),
(327, 80, 15, 327, 'Failed'),
(328, 57, 85, 328, 'Success'),
(329, 34, 16, 329, 'Success'),
(330, 37, 96, 330, 'Success'),
(331, 26, 41, 331, 'Success'),
(332, 45, 45, 332, 'Success'),
(333, 76, 147, 333, 'Success'),
(334, 9, 57, 334, 'Success'),
(335, 128, 89, 335, 'Success'),
(336, 23, 3, 336, 'Success'),
(337, 18, 1, 337, 'Success'),
(338, 113, 127, 338, 'Success'),
(339, 140, 58, 339, 'Success'),
(340, 19, 6, 340, 'Success'),
(341, 19, 20, 341, 'Success'),
(342, 87, 8, 342, 'Success'),
(343, 156, 26, 343, 'Success'),
(344, 49, 73, 344, 'Success'),
(345, 13, 14, 345, 'Success'),
(346, 110, 25, 346, 'Success'),
(347, 44, 30, 347, 'Success'),
(348, 121, 140, 348, 'Success');